"Gender","EthnicGroupgroup A","EthnicGroupgroup B","EthnicGroupgroup C","EthnicGroupgroup D","EthnicGroupgroup E","ParentEducassociate's degree","ParentEducbachelor's degree","ParentEduchigh school","ParentEducmaster's degree","ParentEducsome college","ParentEducsome high school","LunchType","TestPrep","ParentMaritalStatusdivorced","ParentMaritalStatusmarried","ParentMaritalStatussingle","ParentMaritalStatuswidowed","PracticeSportnever","PracticeSportregularly","PracticeSportsometimes","IsFirstChild","NrSiblings","TransportMeans","WklyStudyHours< 5","WklyStudyHours> 10","WklyStudyHours10-May","MathScore","ReadingScore","WritingScore"
0,0,0,0,0,0,0,1,0,0,0,0,1,1,0,1,0,0,0,1,0,1,3,1,1,0,0,71,71,74
0,0,0,1,0,0,0,0,0,0,1,0,1,0,0,1,0,0,0,0,1,1,0,0,0,0,1,69,90,88
0,0,1,0,0,0,0,0,0,1,0,0,1,1,0,0,1,0,0,0,1,1,4,1,1,0,0,87,93,91
1,1,0,0,0,0,1,0,0,0,0,0,0,1,0,1,0,0,1,0,0,1,1,0,0,0,1,45,56,42
1,0,0,1,0,0,0,0,0,0,1,0,1,1,0,1,0,0,0,0,1,1,0,1,0,0,1,76,78,75
0,0,1,0,0,0,1,0,0,0,0,0,1,1,0,1,0,0,0,1,0,1,1,1,0,0,1,73,84,79
0,0,1,0,0,0,0,0,0,0,1,0,1,1,0,0,0,1,1,0,0,1,1,1,0,0,1,85,93,89
1,0,1,0,0,0,0,0,0,0,1,0,0,1,0,1,0,0,0,0,1,1,1,1,0,1,0,41,43,39
1,0,0,0,1,0,0,0,1,0,0,0,0,1,0,0,1,0,0,0,1,1,3,1,0,1,0,65,64,68
1,0,0,1,0,0,1,0,0,0,0,0,1,1,0,0,0,0,0,0,1,1,1,1,0,0,1,58,54,52
1,0,0,0,1,0,1,0,0,0,0,0,1,1,1,0,0,0,0,0,1,1,1,1,0,0,1,40,52,43
0,0,1,0,0,0,0,0,1,0,0,0,1,1,0,1,0,0,0,1,0,1,1,1,0,0,1,66,82,74
1,1,0,0,0,0,0,0,0,0,1,0,1,1,0,0,1,0,0,0,1,1,1,1,0,1,0,80,73,71
0,1,0,0,0,0,0,0,0,1,0,0,1,1,1,0,0,0,0,0,1,1,2,1,1,0,0,48,53,58
0,0,0,1,0,0,0,0,0,0,0,1,1,1,0,1,0,0,0,0,1,1,0,1,0,0,0,69,75,78
1,0,0,1,0,0,0,0,1,0,0,0,1,0,0,1,0,0,0,0,1,1,0,1,0,0,1,88,89,86
0,0,1,0,0,0,0,0,0,0,0,1,0,1,1,0,0,0,0,0,1,1,1,1,0,0,1,18,32,28
1,0,0,1,0,0,0,0,0,1,0,0,0,1,0,0,1,0,0,0,1,1,1,1,0,0,1,46,42,47
0,0,0,1,0,0,1,0,0,0,0,0,0,1,0,1,0,0,1,0,0,1,3,1,1,0,0,50,56,58
1,0,0,0,1,0,0,0,1,0,0,0,1,1,0,1,0,0,0,0,1,1,5,1,0,0,1,66,69,63
0,0,1,0,0,0,0,0,0,0,1,0,0,1,0,1,0,0,0,0,1,1,2,1,0,0,1,65,75,70
1,0,0,0,1,0,0,0,0,0,0,0,1,1,0,1,0,0,1,0,0,1,5,0,0,0,1,42,53,51
0,0,0,1,0,0,0,0,0,0,0,1,1,1,1,0,0,0,1,0,0,1,3,0,0,0,1,66,71,71
1,0,0,0,1,0,0,0,0,0,0,0,0,1,0,1,0,0,0,0,1,1,2,1,0,0,1,74,71,80
1,1,0,0,0,0,0,0,0,1,0,0,0,1,0,1,0,0,0,1,0,1,1,1,0,0,1,75,76,76
1,0,1,0,0,0,0,0,0,0,1,0,1,1,0,1,0,0,0,0,1,1,5,1,1,0,0,66,53,53
0,0,0,1,0,0,0,1,0,0,0,0,1,1,0,1,0,0,0,0,1,1,4,1,0,1,0,69,70,76
1,0,0,1,0,0,0,0,1,0,0,0,1,1,0,1,0,0,0,0,1,1,1,1,0,0,1,70,70,65
0,0,0,0,1,0,0,0,0,0,1,0,1,1,0,0,1,0,0,0,1,1,0,1,1,0,0,66,72,72
0,0,1,0,0,0,0,0,0,0,1,0,1,1,0,0,1,0,0,0,1,1,5,0,0,0,1,63,65,61
0,0,0,0,0,1,0,0,0,1,0,0,0,1,1,0,0,0,0,0,1,1,1,1,0,0,1,56,73,66
1,0,0,0,0,0,0,0,0,0,1,0,1,1,0,1,0,0,0,0,1,1,2,1,0,0,1,40,42,38
1,0,0,0,0,1,0,0,0,0,1,0,1,1,1,0,0,0,0,0,1,1,0,1,0,0,0,97,87,82
0,0,0,0,1,0,1,0,0,0,0,0,1,1,0,1,0,0,0,1,0,1,2,1,0,0,1,76,82,85
0,0,0,0,1,0,0,0,0,0,0,1,0,1,0,1,0,0,0,1,0,1,1,1,0,0,1,51,64,60
0,0,0,0,1,0,1,0,0,0,0,0,0,1,0,1,0,0,0,1,0,1,1,1,0,0,1,77,91,90
1,0,1,0,0,0,1,0,0,0,0,0,0,1,0,0,1,0,0,1,0,1,5,1,0,0,1,58,56,58
1,0,0,1,0,0,1,0,0,0,0,0,0,1,0,1,0,0,1,0,0,1,0,1,0,0,1,53,60,52
0,0,0,1,0,0,1,0,0,0,0,0,1,1,1,0,0,0,0,1,0,1,1,0,0,0,1,59,74,69
1,0,1,0,0,0,0,0,0,0,1,0,0,0,0,1,0,0,0,1,0,1,3,1,0,0,1,60,65,67
0,0,0,0,0,1,1,0,0,0,0,0,0,1,0,1,0,0,0,0,1,1,5,1,1,0,0,48,55,52
1,0,1,0,0,0,1,0,0,0,0,0,1,1,0,0,1,0,0,0,1,1,3,1,1,0,0,63,53,55
1,0,0,1,0,0,0,0,1,0,0,0,1,1,0,1,0,0,0,0,1,0,3,0,0,0,1,82,84,82
1,0,0,0,0,1,0,0,0,0,1,0,1,1,0,1,0,0,0,0,0,1,3,1,0,1,0,54,55,48
1,0,0,0,0,0,1,0,0,0,0,0,0,1,0,1,0,0,0,1,0,1,2,1,1,0,0,76,68,68
1,0,0,1,0,0,0,0,0,0,1,0,1,1,1,0,0,0,0,1,0,1,3,1,0,1,0,56,45,43
1,0,0,0,1,0,0,0,1,0,0,0,1,1,0,0,1,0,0,0,1,1,2,1,0,0,1,88,78,75
0,0,0,1,0,0,0,0,1,0,0,0,0,1,1,0,0,0,0,0,1,1,2,1,0,0,1,33,41,43
0,0,0,0,0,1,1,0,0,0,0,0,1,1,0,1,0,0,0,0,1,1,3,1,0,1,0,84,86,87
1,0,0,0,1,0,1,0,0,0,0,0,1,1,0,0,1,0,0,0,1,1,2,1,0,0,1,52,55,49
1,0,0,0,1,0,0,0,0,0,0,0,1,1,0,1,0,0,0,1,0,1,1,1,0,1,0,61,60,60
0,0,0,1,0,0,0,0,0,0,0,1,0,1,0,0,1,0,0,1,0,1,3,1,0,1,0,0,17,10
1,1,0,0,0,0,1,0,0,0,0,0,0,1,0,1,0,0,0,0,1,1,5,1,0,0,1,62,61,55
0,0,0,0,1,0,0,0,0,0,0,1,1,1,0,1,0,0,0,0,1,1,0,1,0,0,1,59,58,59
1,0,1,0,0,0,0,0,0,0,0,1,1,1,0,1,0,0,1,0,0,1,1,1,1,0,0,63,62,58
1,0,0,0,1,0,0,0,0,0,0,1,0,1,0,1,0,0,0,0,1,1,4,1,0,0,1,45,37,37
0,0,0,1,0,0,0,0,0,0,1,0,1,1,0,1,0,0,0,1,0,1,3,1,0,0,1,61,73,75
1,0,1,0,0,0,1,0,0,0,0,0,0,1,1,0,0,0,0,1,0,1,3,1,0,0,0,62,58,57
0,0,0,1,0,0,1,0,0,0,0,0,1,1,0,0,1,0,0,0,1,1,3,1,0,0,1,39,64,57
1,0,0,0,1,0,0,0,0,0,1,0,1,1,1,0,0,0,0,0,1,1,3,1,0,1,0,64,55,64
0,1,0,0,0,0,1,0,0,0,0,0,0,1,0,0,1,0,0,1,0,1,1,1,0,0,1,42,51,49
1,0,0,1,0,0,0,0,0,0,0,1,0,1,1,0,0,0,1,0,0,1,3,1,0,0,1,59,56,54
1,0,0,1,0,0,0,0,0,0,0,1,1,0,0,1,0,0,0,0,1,1,2,1,1,0,0,47,48,40
1,0,0,0,0,1,0,0,0,0,0,1,1,1,0,0,0,0,0,0,1,1,5,1,0,0,1,28,25,21
0,0,0,0,1,0,0,0,0,0,0,1,1,1,1,0,0,0,0,0,1,1,2,1,0,1,0,62,75,73
0,0,0,0,0,1,0,0,0,1,0,0,1,1,1,0,0,0,1,0,0,1,1,1,0,0,1,60,68,68
0,0,1,0,0,0,1,0,0,0,0,0,1,1,0,1,0,0,0,1,0,1,0,1,0,1,0,49,50,52
1,0,1,0,0,0,0,0,1,0,0,0,0,1,0,1,0,0,0,0,1,1,0,1,0,0,0,49,45,45
1,0,0,0,0,1,1,0,0,0,0,0,1,1,0,1,0,0,0,1,0,1,0,1,0,0,1,74,64,64
1,0,0,0,1,0,0,0,1,0,0,0,0,1,0,1,0,0,1,0,0,0,3,1,0,0,1,40,38,33
0,0,0,1,0,0,0,0,0,0,1,0,1,1,1,0,0,0,0,0,1,1,0,1,0,0,1,73,80,82
0,0,0,0,1,0,1,0,0,0,0,0,1,1,0,0,1,0,0,0,1,1,0,1,0,0,1,71,71,74
0,1,0,0,0,0,0,0,0,0,1,0,1,1,1,0,0,0,0,1,0,1,3,1,1,0,0,57,69,67
1,0,0,1,0,0,0,0,1,0,0,0,0,1,1,0,0,0,0,1,0,1,4,0,0,0,1,27,34,36
1,0,0,1,0,0,0,0,1,0,0,0,1,1,1,0,0,0,0,0,1,1,1,0,1,0,0,68,77,69
1,0,0,1,0,0,1,0,0,0,0,0,0,1,0,1,0,0,0,1,0,1,3,1,0,1,0,45,46,52
0,0,1,0,0,0,0,0,0,0,1,0,1,1,0,1,0,0,0,1,0,1,4,1,0,0,1,81,87,94
1,0,1,0,0,0,0,0,0,0,0,1,1,1,0,1,0,0,0,1,0,1,5,1,0,0,1,63,65,61
0,0,0,0,0,0,0,0,0,0,1,0,1,1,0,1,0,0,1,0,0,1,0,1,1,0,0,59,69,66
0,0,0,0,1,0,0,0,0,0,1,0,0,1,0,0,1,0,0,1,0,1,2,0,0,1,0,61,69,64
0,0,0,0,1,0,0,1,0,0,0,0,1,1,0,1,0,0,0,1,0,1,3,1,1,0,0,64,66,62
1,0,1,0,0,0,0,0,0,0,1,0,1,1,0,1,0,0,0,0,1,1,7,1,0,0,1,79,67,67
1,0,0,0,1,0,0,1,0,0,0,0,1,1,0,0,1,0,0,0,1,1,1,1,0,0,1,68,74,74
0,0,0,0,1,0,1,0,0,0,0,0,1,1,0,1,0,0,0,1,0,1,3,1,0,0,1,87,92,91
1,0,1,0,0,0,0,0,1,0,0,0,1,1,0,1,0,0,0,1,0,1,3,1,0,0,1,61,44,48
1,0,0,0,0,0,0,0,0,0,1,0,1,1,0,1,0,0,0,1,0,1,1,1,0,1,0,100,88,94
0,0,0,1,0,0,0,0,0,0,1,0,1,1,0,1,0,0,0,0,1,1,0,1,0,0,1,58,67,72
0,0,0,0,1,0,0,0,0,1,0,0,1,1,0,1,0,0,0,0,1,1,3,1,0,0,1,87,100,100
1,0,0,0,0,1,0,0,0,0,0,0,1,1,0,0,1,0,0,0,1,1,0,1,0,0,1,66,63,64
0,0,1,0,0,0,1,0,0,0,0,0,0,1,0,1,0,0,0,0,1,1,2,1,0,0,1,52,76,70
0,0,1,0,0,0,0,0,0,0,0,1,1,1,0,0,1,0,0,1,0,1,3,1,0,0,1,72,64,73
0,0,0,0,1,0,1,0,0,0,0,0,0,1,0,0,1,0,0,0,1,1,4,1,0,1,0,79,90,99
1,0,0,1,0,0,0,0,1,0,0,0,1,1,0,0,1,0,0,1,0,1,6,0,0,0,1,63,55,50
1,1,0,0,0,0,1,0,0,0,0,0,1,1,0,1,0,0,0,0,1,1,0,1,0,0,1,54,53,47
0,0,0,0,1,0,0,0,0,0,1,0,1,1,0,1,0,0,1,0,0,1,1,1,1,0,0,47,56,51
0,0,0,0,0,1,0,1,0,0,0,0,1,1,0,1,0,0,0,1,0,1,3,1,1,0,0,98,99,100
1,0,0,1,0,0,0,0,1,0,0,0,1,1,0,1,0,0,0,0,1,1,4,1,0,0,1,84,77,74
0,0,1,0,0,0,0,1,0,0,0,0,0,1,0,0,1,0,1,0,0,1,1,1,0,0,1,72,83,79
0,0,0,0,1,0,0,1,0,0,0,0,1,1,0,1,0,0,1,0,0,1,2,1,0,0,1,75,80,77
0,0,0,0,1,0,0,0,0,0,0,1,1,1,0,0,1,0,0,1,0,1,0,1,0,1,0,54,64,63
0,0,0,1,0,0,0,0,0,0,1,0,1,1,1,0,0,0,0,0,1,1,3,1,0,0,1,55,69,65
0,0,0,1,0,0,0,1,0,0,0,0,1,1,0,1,0,0,1,0,0,1,1,1,0,0,1,76,90,86
1,0,1,0,0,0,1,0,0,0,0,0,1,1,0,1,0,0,0,0,1,1,3,1,1,0,0,88,87,90
0,0,0,1,0,0,0,0,0,0,1,0,1,1,0,0,1,0,0,1,0,1,1,0,0,0,1,90,94,95
1,0,0,0,1,0,0,0,1,0,0,0,0,1,0,1,0,0,0,0,1,1,3,1,0,0,0,63,57,56
1,0,0,0,0,1,0,0,0,0,1,0,1,1,0,0,1,0,0,1,0,1,3,1,1,0,0,82,79,73
0,0,1,0,0,0,0,0,1,0,0,0,1,1,0,0,1,0,1,0,0,1,2,1,0,1,0,86,94,85
1,0,1,0,0,0,0,0,0,0,0,0,1,1,0,1,0,0,0,0,0,1,3,1,0,0,1,72,68,67
1,0,0,0,1,0,0,0,0,0,1,0,1,0,0,1,0,0,0,1,0,1,3,1,1,0,0,64,76,74
1,0,0,0,1,0,0,0,0,1,0,0,1,1,0,0,1,0,1,0,0,1,2,1,1,0,0,77,81,72
0,1,0,0,0,0,0,1,0,0,0,0,1,1,0,0,0,0,0,1,0,1,0,1,0,0,1,52,49,52
1,0,0,0,1,0,0,0,0,1,0,0,1,1,0,0,1,0,0,0,1,1,1,1,1,0,0,87,84,82
1,0,0,1,0,0,0,0,0,0,0,1,0,1,0,0,1,0,0,1,0,1,1,1,1,0,0,52,36,40
1,0,0,0,0,0,0,0,0,0,1,0,0,1,0,1,0,0,0,1,0,1,2,1,0,0,1,89,75,71
0,0,0,0,0,0,0,0,0,0,1,0,1,1,0,1,0,0,1,0,0,1,6,0,1,0,0,70,78,80
1,0,0,0,1,0,0,1,0,0,0,0,0,1,0,1,0,0,0,0,1,1,1,1,0,1,0,76,80,76
1,0,0,1,0,0,0,1,0,0,0,0,1,1,0,1,0,0,0,0,1,1,1,0,1,0,0,56,54,47
1,0,1,0,0,0,0,0,0,0,0,1,1,1,1,0,0,0,0,0,1,1,1,1,0,0,1,51,54,41
1,0,0,0,0,1,0,0,1,0,0,0,1,1,1,0,0,0,0,0,1,1,0,1,1,0,0,67,54,54
0,0,0,1,0,0,1,0,0,0,0,0,1,0,0,1,0,0,0,0,1,1,1,1,0,0,1,59,66,67
1,0,0,0,1,0,0,0,0,0,1,0,1,1,0,1,0,0,0,0,1,1,0,1,0,1,0,73,61,70
0,0,0,0,1,0,0,0,0,0,0,1,1,1,0,1,0,0,0,0,1,1,1,1,0,0,1,76,72,71
0,0,0,1,0,0,0,0,0,0,1,0,0,1,0,1,0,0,0,1,0,1,2,1,0,0,1,60,62,65
0,0,0,0,0,1,0,0,0,0,1,0,0,1,0,0,1,0,0,1,0,0,1,1,1,0,0,41,54,54
1,1,0,0,0,0,0,0,1,0,0,0,1,1,0,0,1,0,0,0,1,1,1,1,0,0,1,57,43,47
1,0,0,0,1,0,0,0,0,0,1,0,1,1,1,0,0,0,0,0,1,1,3,1,0,1,0,90,74,79
0,0,0,1,0,0,0,0,0,0,1,0,0,1,0,0,1,0,0,1,0,1,1,1,1,0,0,21,38,33
0,0,0,0,1,0,0,1,0,0,0,0,1,1,0,1,0,0,0,0,1,1,1,1,1,0,0,65,73,79
1,0,0,0,0,1,1,0,0,0,0,0,0,1,0,1,0,0,0,1,0,1,3,1,0,0,1,100,100,95
1,1,0,0,0,0,0,0,0,0,0,1,1,1,0,1,0,0,0,0,1,1,2,1,0,0,1,62,67,69
0,0,1,0,0,0,1,0,0,0,0,0,1,1,0,0,1,0,0,0,1,1,2,1,1,0,0,57,68,64
1,0,0,0,1,0,0,1,0,0,0,0,1,1,0,1,0,0,0,0,1,1,1,0,0,0,1,54,49,47
1,0,0,0,1,0,0,0,0,0,0,1,1,1,0,0,1,0,1,0,0,1,2,0,1,0,0,58,65,58
0,0,0,1,0,0,0,0,0,0,1,0,1,1,0,1,0,0,0,1,0,1,3,1,1,0,0,69,88,88
0,0,0,0,0,1,0,0,1,0,0,0,0,1,0,1,0,0,0,1,0,1,1,1,0,0,1,67,75,79
1,0,1,0,0,0,0,0,0,0,0,0,0,1,0,0,0,0,0,0,1,1,2,1,1,0,0,58,59,58
0,0,1,0,0,0,1,0,0,0,0,0,1,0,1,0,0,0,0,1,0,1,2,1,0,0,1,62,87,89
1,0,0,0,1,0,1,0,0,0,0,0,0,1,0,1,0,0,0,1,0,1,3,1,0,1,0,70,63,66
1,0,1,0,0,0,1,0,0,0,0,0,0,1,0,0,1,0,0,0,1,1,2,1,0,0,1,82,78,74
0,0,0,0,0,1,0,0,0,0,1,0,0,1,0,1,0,0,0,0,1,1,3,1,0,0,1,75,88,85
1,0,1,0,0,0,0,0,0,1,0,0,0,1,0,0,1,0,1,0,0,1,2,1,0,0,1,48,53,52
1,0,0,1,0,0,0,0,1,0,0,0,1,1,1,0,0,0,0,0,1,1,1,1,0,0,1,52,53,49
0,0,0,0,0,1,0,0,0,1,0,0,1,1,0,1,0,0,1,0,0,1,3,1,1,0,0,76,89,86
0,0,0,1,0,0,0,1,0,0,0,0,1,1,0,1,0,0,0,0,1,1,0,1,0,0,1,96,100,100
1,0,0,1,0,0,0,0,1,0,0,0,0,1,0,0,1,0,0,0,1,1,5,1,0,0,1,53,51,51
0,0,1,0,0,0,0,0,0,1,0,0,0,1,0,1,0,0,0,1,0,1,1,1,0,1,0,62,79,83
0,0,1,0,0,0,0,0,1,0,0,0,1,1,0,1,0,0,0,1,0,1,2,1,0,0,1,70,84,79
1,1,0,0,0,0,0,0,1,0,0,0,1,1,1,0,0,0,0,1,0,1,5,1,0,1,0,76,75,77
1,0,0,0,0,1,0,0,0,0,0,1,1,1,0,1,0,0,0,0,1,1,3,1,1,0,0,91,86,76
0,0,0,0,1,0,0,0,0,0,1,0,1,1,0,0,1,0,1,0,0,1,3,1,0,0,1,76,84,78
0,0,0,1,0,0,1,0,0,0,0,0,1,1,0,1,0,0,0,0,1,1,2,1,0,0,1,63,67,70
0,0,0,1,0,0,0,1,0,0,0,0,0,1,0,1,0,0,0,0,1,1,1,1,1,0,0,41,50,52
0,0,0,1,0,0,0,0,0,1,0,0,1,1,1,0,0,0,0,0,1,1,1,1,0,0,1,81,92,89
0,0,1,0,0,0,0,0,1,0,0,0,0,1,0,1,0,0,0,0,1,1,2,1,1,0,0,44,53,56
0,0,1,0,0,0,0,0,0,1,0,0,0,1,1,0,0,0,0,1,0,1,2,1,0,0,1,54,72,65
0,0,0,0,1,0,0,0,0,0,0,1,1,1,1,0,0,0,0,1,0,1,0,1,0,0,1,99,100,100
1,0,0,1,0,0,0,0,0,1,0,0,0,1,0,0,1,0,0,0,1,1,2,1,1,0,0,60,68,75
0,0,0,1,0,0,0,0,0,0,1,0,0,1,0,0,1,0,0,0,1,1,1,1,0,0,1,46,64,66
0,0,0,0,0,1,0,0,1,0,0,0,1,1,0,1,0,0,0,0,1,1,3,1,0,0,0,50,50,47
1,0,0,1,0,0,1,0,0,0,0,0,0,1,0,1,0,0,1,0,0,1,5,1,1,0,0,61,65,62
1,0,0,0,0,1,0,0,1,0,0,0,1,1,0,1,0,0,1,0,0,1,1,1,1,0,0,75,73,62
1,0,0,0,1,0,0,0,0,0,0,1,1,1,0,1,0,0,0,0,1,1,4,1,0,0,1,62,66,68
1,0,1,0,0,0,0,0,0,0,0,1,0,1,0,1,0,0,0,1,0,1,3,1,1,0,0,47,51,45
0,0,0,1,0,0,0,1,0,0,0,0,1,1,0,0,1,0,0,0,1,1,1,1,1,0,0,74,86,85
0,0,0,0,0,1,1,0,0,0,0,0,1,1,0,1,0,0,0,0,1,1,2,1,0,0,1,66,65,69
1,0,0,0,1,0,0,0,0,0,1,0,1,1,0,1,0,0,0,0,1,1,2,1,1,0,0,73,81,77
0,0,1,0,0,0,0,0,0,0,0,1,1,1,0,0,1,0,0,0,1,1,3,1,0,0,0,62,64,66
1,0,0,0,1,0,0,0,0,0,1,0,1,1,0,1,0,0,0,1,0,1,4,0,0,0,0,79,62,63
0,0,0,1,0,0,0,0,0,1,0,0,1,1,0,0,0,0,0,1,0,1,1,1,1,0,0,69,85,87
1,0,0,0,1,0,1,0,0,0,0,0,1,1,0,1,0,0,0,1,0,1,4,1,1,0,0,60,54,52
1,0,0,1,0,0,0,0,0,0,0,0,0,1,0,1,0,0,1,0,0,1,1,1,0,0,1,57,67,63
1,0,0,0,0,1,0,0,1,0,0,0,0,1,0,1,0,0,0,0,0,1,7,1,0,1,0,56,56,52
0,0,1,0,0,0,0,0,0,0,1,0,0,1,0,0,0,1,0,1,0,1,3,0,0,1,0,47,54,57
0,0,1,0,0,0,0,1,0,0,0,0,0,0,0,1,0,0,0,1,0,1,3,1,0,0,1,80,80,77
0,0,0,1,0,0,1,0,0,0,0,0,1,1,0,0,1,0,0,1,0,1,1,1,1,0,0,66,83,86
0,0,0,0,1,0,0,0,0,0,1,0,0,1,1,0,0,0,0,0,1,1,3,1,1,0,0,63,79,75
1,0,0,1,0,0,1,0,0,0,0,0,1,1,0,1,0,0,0,0,1,1,2,1,0,0,1,69,77,69
0,0,0,0,0,0,1,0,0,0,0,0,1,1,0,0,0,0,0,1,0,1,2,1,0,0,1,58,70,69
1,0,0,1,0,0,0,0,0,0,1,0,1,1,0,0,1,0,0,1,0,1,1,0,1,0,0,58,40,42
1,0,0,0,0,1,0,1,0,0,0,0,1,1,0,1,0,0,0,1,0,1,4,1,0,0,1,84,62,63
1,0,0,0,0,1,0,0,1,0,0,0,1,1,0,1,0,0,0,1,0,1,2,1,0,0,1,83,81,77
0,0,1,0,0,0,0,0,0,0,1,0,0,1,0,1,0,0,0,1,0,1,1,1,1,0,0,73,80,76
0,0,1,0,0,0,0,0,0,0,1,0,0,0,0,0,1,0,0,0,1,1,2,0,0,0,0,58,61,66
1,0,0,0,1,0,0,0,0,0,0,1,0,1,0,0,0,1,0,0,1,1,3,1,1,0,0,77,77,77
1,0,0,1,0,0,0,0,0,0,1,0,0,0,0,1,0,0,0,0,1,1,3,1,0,0,1,35,28,27
0,0,0,1,0,0,0,0,1,0,0,0,0,1,1,0,0,0,0,0,1,1,2,1,0,0,1,42,62,60
1,0,0,1,0,0,1,0,0,0,0,0,0,1,0,0,1,0,0,1,0,1,1,1,0,0,1,61,51,57
1,0,0,0,0,1,0,0,1,0,0,0,1,0,0,1,0,0,0,0,1,1,1,1,0,0,1,87,91,81
1,0,1,0,0,0,0,0,0,0,0,1,1,1,0,0,0,0,0,1,0,1,2,1,0,0,1,86,84,76
0,0,0,0,0,1,1,0,0,0,0,0,0,1,0,1,0,0,0,0,1,1,3,1,1,0,0,80,84,86
0,0,0,1,0,0,0,0,1,0,0,0,0,0,0,1,0,0,0,1,0,1,3,0,1,0,0,33,41,39
1,0,1,0,0,0,0,0,1,0,0,0,0,1,0,1,0,0,0,0,1,1,2,1,1,0,0,64,75,68
1,0,1,0,0,0,0,0,0,0,0,1,1,1,0,0,1,0,1,0,0,1,1,0,0,0,1,59,55,54
0,0,0,0,1,0,0,0,1,0,0,0,1,1,0,0,0,1,0,1,0,1,4,1,0,0,1,57,69,75
1,0,1,0,0,0,1,0,0,0,0,0,1,1,0,1,0,0,0,0,1,1,0,1,0,1,0,89,86,74
0,0,0,1,0,0,0,0,0,0,0,1,0,0,1,0,0,0,0,0,1,1,3,0,0,0,1,55,65,62
1,0,0,0,1,0,0,0,0,0,0,1,1,1,0,1,0,0,0,1,0,1,3,1,0,0,1,88,81,76
0,0,1,0,0,0,1,0,0,0,0,0,1,1,1,0,0,0,0,1,0,0,3,1,0,1,0,55,67,76
0,0,0,1,0,0,0,0,0,0,1,0,1,1,0,1,0,0,0,0,1,1,5,1,0,0,1,72,72,71
1,0,0,0,1,0,0,0,1,0,0,0,1,1,0,0,1,0,0,1,0,1,0,1,0,0,1,58,50,55
1,1,0,0,0,0,0,0,0,0,0,0,0,1,1,0,0,0,0,0,1,1,4,1,0,0,1,68,72,64
0,0,0,1,0,0,0,0,0,0,1,0,1,1,0,1,0,0,0,1,0,1,3,1,0,1,0,93,97,98
1,0,0,0,1,0,0,0,0,0,1,0,1,1,0,1,0,0,0,1,0,1,0,0,0,0,1,78,64,67
1,0,0,1,0,0,1,0,0,0,0,0,1,1,0,1,0,0,0,1,0,0,1,1,0,0,1,47,43,43
0,0,1,0,0,0,0,1,0,0,0,0,1,1,0,1,0,0,0,0,1,1,2,1,0,0,1,67,86,83
1,0,0,0,0,1,0,0,0,0,0,1,1,1,1,0,0,0,0,0,1,1,3,1,0,1,0,94,88,79
1,0,0,1,0,0,0,1,0,0,0,0,1,1,0,1,0,0,0,0,1,1,3,1,0,1,0,85,83,85
1,0,0,0,1,0,1,0,0,0,0,0,1,1,0,1,0,0,0,1,0,1,1,1,0,1,0,84,77,80
1,0,0,0,1,0,0,1,0,0,0,0,0,1,1,0,0,0,0,1,0,1,2,1,1,0,0,62,65,67
0,0,0,0,1,0,0,0,0,0,0,1,1,0,0,1,0,0,0,0,1,1,4,1,1,0,0,62,59,72
1,0,1,0,0,0,0,0,0,0,1,0,1,1,0,1,0,0,0,1,0,1,2,1,0,1,0,57,53,53
1,0,0,1,0,0,1,0,0,0,0,0,1,1,0,0,0,0,0,0,1,1,1,1,0,0,1,84,80,80
1,0,0,0,1,0,0,0,1,0,0,0,0,1,1,0,0,0,0,0,0,1,1,1,0,1,0,75,69,67
0,0,0,0,0,1,0,1,0,0,0,0,1,1,0,0,1,0,0,1,0,1,4,1,0,0,1,82,84,85
1,0,0,0,0,1,0,0,0,0,1,0,1,0,0,0,1,0,0,1,0,1,2,1,1,0,0,58,50,43
1,0,0,0,1,0,0,0,0,0,0,1,1,1,1,0,0,0,0,1,0,1,1,1,1,0,0,74,73,69
1,0,0,1,0,0,1,0,0,0,0,0,1,1,0,1,0,0,0,0,1,1,3,1,1,0,0,82,74,69
1,0,0,0,0,1,1,0,0,0,0,0,1,0,0,1,0,0,0,1,0,1,2,1,0,0,1,91,77,75
0,0,1,0,0,0,0,0,1,0,0,0,1,1,0,0,1,0,0,0,1,1,1,1,0,0,1,58,70,68
0,0,1,0,0,0,0,0,1,0,0,0,1,1,0,1,0,0,0,0,1,1,2,1,1,0,0,63,63,60
1,0,0,0,0,0,0,0,1,0,0,0,1,1,0,1,0,0,0,0,1,1,2,1,0,1,0,70,60,54
1,1,0,0,0,0,0,0,0,0,0,1,1,1,0,0,1,0,0,0,1,1,2,1,0,0,1,47,49,49
0,0,0,0,1,0,0,0,0,0,1,0,0,1,0,1,0,0,0,1,0,0,4,1,1,0,0,70,82,83
0,0,1,0,0,0,0,0,0,0,0,1,1,1,0,0,1,0,0,0,1,1,3,1,0,0,1,60,70,70
1,0,0,0,1,0,0,0,0,1,0,0,1,1,0,1,0,0,0,0,1,1,3,1,0,0,0,80,80,72
1,0,0,0,1,0,0,0,1,0,0,0,1,1,0,1,0,0,0,0,1,1,0,1,0,0,1,54,52,52
0,0,0,0,0,1,0,0,0,0,1,0,1,1,0,0,1,0,0,0,1,1,1,1,0,0,1,62,73,70
0,0,0,1,0,0,1,0,0,0,0,0,0,1,0,0,1,0,0,0,1,1,5,1,1,0,0,62,71,66
1,0,0,0,0,0,1,0,0,0,0,0,1,1,0,1,0,0,0,1,0,0,1,1,0,0,1,80,78,78
0,0,0,1,0,0,0,0,0,0,0,1,0,1,0,1,0,0,0,0,1,1,1,1,0,1,0,65,80,78
1,0,0,1,0,0,0,0,0,0,1,0,1,1,0,1,0,0,0,0,1,1,2,1,0,0,1,79,79,78
0,0,0,1,0,0,0,0,0,0,0,1,0,1,0,1,0,0,0,1,0,1,2,1,0,0,1,45,50,52
0,0,0,0,0,1,0,0,1,0,0,0,1,1,0,0,1,0,0,0,1,1,1,1,0,0,1,99,93,90
1,0,0,0,1,0,0,0,1,0,0,0,1,1,0,1,0,0,0,0,1,1,2,1,0,0,1,76,73,68
1,0,0,0,1,0,0,0,0,0,0,1,0,1,1,0,0,0,0,0,1,1,1,1,1,0,0,57,41,40
0,0,0,0,0,0,0,1,0,0,0,0,1,1,0,1,0,0,0,0,1,1,2,1,1,0,0,61,73,79
0,0,0,0,1,0,0,0,1,0,0,0,1,1,0,1,0,0,0,1,0,1,3,1,0,0,1,71,73,78
0,0,0,0,1,0,1,0,0,0,0,0,1,1,0,1,0,0,0,1,0,1,5,1,0,1,0,93,94,99
0,0,0,0,0,1,0,0,0,0,1,0,0,1,0,1,0,0,0,0,1,1,2,1,0,0,0,71,76,70
1,0,0,1,0,0,0,1,0,0,0,0,1,1,0,1,0,0,0,0,1,1,2,1,0,0,1,69,63,61
1,0,0,1,0,0,0,0,0,0,1,0,1,0,0,0,1,0,0,1,0,1,1,0,1,0,0,57,48,42
0,0,0,0,1,0,1,0,0,0,0,0,0,1,0,0,1,0,0,1,0,1,2,1,0,0,1,48,53,59
0,0,0,0,1,0,0,0,0,0,1,0,1,1,0,1,0,0,0,0,1,1,2,1,0,0,1,65,70,71
1,0,1,0,0,0,0,0,0,0,1,0,1,1,0,0,0,1,0,0,0,1,1,1,1,0,0,85,83,74
1,0,0,1,0,0,0,1,0,0,0,0,1,1,0,1,0,0,0,0,1,1,3,1,0,0,1,83,78,73
0,0,0,1,0,0,0,0,0,0,0,1,1,1,0,1,0,0,0,0,1,1,3,1,1,0,0,82,90,91
0,0,0,0,0,1,0,0,0,0,0,0,1,1,0,0,1,0,0,0,1,1,4,1,1,0,0,57,62,73
0,0,0,1,0,0,0,0,0,0,0,1,0,1,0,1,0,0,0,0,1,1,1,1,0,0,1,65,86,80
1,0,1,0,0,0,0,1,0,0,0,0,0,1,0,0,0,1,0,0,1,1,2,1,0,0,1,73,56,57
0,0,0,0,1,0,0,1,0,0,0,0,0,1,1,0,0,0,0,1,0,1,3,1,0,0,1,75,80,86
0,0,0,0,1,0,0,0,0,0,1,0,0,1,0,0,0,0,1,0,0,1,2,1,0,0,1,67,76,76
0,0,0,0,0,0,0,0,0,0,0,1,1,1,0,1,0,0,0,1,0,1,0,1,1,0,0,36,45,46
1,0,1,0,0,0,1,0,0,0,0,0,1,1,0,1,0,0,1,0,0,1,3,1,0,0,1,78,80,79
1,0,0,0,0,1,1,0,0,0,0,0,1,1,0,1,0,0,0,1,0,1,0,1,0,0,1,99,83,90
0,0,1,0,0,0,0,0,0,0,0,1,1,1,0,1,0,0,0,0,1,1,1,1,1,0,0,64,87,80
1,0,1,0,0,0,0,1,0,0,0,0,0,1,0,0,1,0,0,0,1,1,0,0,1,0,0,85,73,74
1,0,0,0,0,0,0,0,0,0,0,1,1,1,0,1,0,0,0,0,1,1,1,1,0,1,0,79,77,78
1,0,0,1,0,0,1,0,0,0,0,0,1,1,0,1,0,0,0,0,1,1,2,1,0,0,1,76,70,68
1,0,0,0,1,0,0,0,0,0,0,1,1,1,0,1,0,0,0,0,1,1,2,1,1,0,0,83,71,68
1,0,0,1,0,0,0,0,0,0,0,1,1,1,0,1,0,0,1,0,0,1,1,1,0,0,1,61,59,55
1,0,0,0,1,0,0,0,1,0,0,0,0,1,0,0,1,0,0,1,0,1,3,1,0,0,1,80,78,82
1,0,1,0,0,0,1,0,0,0,0,0,0,1,0,1,0,0,1,0,0,1,1,1,0,1,0,66,61,59
1,0,0,0,0,0,0,0,0,0,0,1,1,1,0,0,0,1,0,1,0,1,2,1,0,0,1,47,41,44
1,0,0,0,0,0,1,0,0,0,0,0,1,1,0,0,1,0,0,1,0,1,1,1,0,0,1,73,75,69
1,0,0,1,0,0,0,0,0,0,0,0,0,1,0,0,1,0,0,1,0,1,2,1,1,0,0,39,45,50
1,0,0,0,1,0,1,0,0,0,0,0,0,1,0,1,0,0,0,1,0,1,2,0,1,0,0,89,86,75
1,1,0,0,0,0,0,0,0,0,1,0,0,1,0,1,0,0,1,0,0,1,2,1,1,0,0,76,75,77
1,0,0,0,1,0,0,0,0,0,0,1,0,0,1,0,0,0,0,1,0,1,4,1,1,0,0,55,53,52
0,0,0,1,0,0,1,0,0,0,0,0,1,1,0,0,1,0,1,0,0,1,5,1,0,1,0,66,83,80
1,0,1,0,0,0,1,0,0,0,0,0,1,1,0,1,0,0,0,1,0,1,1,1,0,0,1,82,77,65
0,0,0,1,0,0,1,0,0,0,0,0,1,1,0,1,0,0,0,1,0,1,2,1,0,0,1,76,76,85
1,1,0,0,0,0,0,0,0,0,1,0,1,1,0,0,0,0,0,0,1,1,7,1,0,0,1,69,67,69
1,0,0,0,0,1,0,0,0,0,1,0,1,1,1,0,0,0,0,1,0,1,5,1,0,0,1,100,88,83
1,0,0,1,0,0,0,0,0,0,0,1,1,1,0,0,1,0,0,1,0,1,2,0,0,0,1,52,52,45
0,0,1,0,0,0,1,0,0,0,0,0,0,1,0,1,0,0,0,1,0,1,3,1,0,1,0,56,73,70
0,0,0,0,1,0,0,0,1,0,0,0,0,0,0,0,1,0,0,1,0,1,5,0,1,0,0,48,56,52
0,0,1,0,0,0,1,0,0,0,0,0,1,1,0,1,0,0,0,0,1,1,2,1,0,0,1,73,76,80
1,0,1,0,0,0,0,1,0,0,0,0,1,1,0,1,0,0,1,0,0,1,3,1,1,0,0,62,58,54
1,0,0,0,1,0,0,1,0,0,0,0,1,1,0,0,1,0,0,0,1,1,0,1,0,0,0,67,61,68
0,0,0,1,0,0,1,0,0,0,0,0,0,1,0,0,1,0,0,0,1,1,2,1,0,1,0,70,68,70
1,0,0,1,0,0,0,0,1,0,0,0,1,1,0,1,0,0,0,1,0,1,3,1,0,0,1,73,66,66
0,0,0,0,1,0,0,0,0,1,0,0,1,1,0,0,0,1,1,0,0,1,3,1,0,0,1,74,80,88
1,0,0,1,0,0,1,0,0,0,0,0,1,1,0,0,1,0,0,0,1,1,1,1,0,0,1,83,72,78
0,0,0,0,1,0,1,0,0,0,0,0,0,1,0,0,1,0,0,1,0,1,1,1,1,0,0,55,64,63
0,0,0,1,0,0,0,0,1,0,0,0,0,0,1,0,0,0,0,0,1,1,2,0,1,0,0,64,77,82
0,0,0,0,0,1,0,0,1,0,0,0,1,1,0,1,0,0,1,0,0,1,3,1,0,1,0,74,85,78
0,0,0,1,0,0,0,0,0,0,1,0,1,1,0,1,0,0,0,1,0,1,2,1,1,0,0,70,80,80
0,0,0,1,0,0,0,0,0,0,0,1,0,1,0,1,0,0,0,0,1,1,5,1,0,0,1,40,52,51
0,0,0,1,0,0,0,0,1,0,0,0,0,1,1,0,0,0,0,0,1,1,1,0,1,0,0,39,45,42
0,0,0,1,0,0,0,0,0,0,1,0,1,1,0,0,1,0,0,0,1,1,3,1,0,0,1,82,90,94
1,0,0,1,0,0,0,0,0,0,1,0,1,1,0,1,0,0,0,0,1,1,1,1,0,0,1,61,61,62
1,1,0,0,0,0,0,0,0,0,1,0,0,1,0,1,0,0,0,1,0,1,2,1,0,1,0,29,23,19
1,0,0,1,0,0,1,0,0,0,0,0,1,1,0,1,0,0,0,0,1,1,5,1,0,0,1,82,75,77
0,0,1,0,0,0,0,0,0,0,0,1,1,1,0,1,0,0,0,0,1,1,2,1,1,0,0,39,54,49
1,0,0,1,0,0,1,0,0,0,0,0,1,1,0,0,0,0,0,0,1,1,3,1,1,0,0,45,36,34
1,0,0,0,0,1,1,0,0,0,0,0,1,1,0,1,0,0,1,0,0,1,3,1,0,1,0,61,55,52
1,0,1,0,0,0,1,0,0,0,0,0,1,1,0,0,1,0,0,0,1,1,1,1,0,0,1,90,78,81
0,0,0,1,0,0,0,1,0,0,0,0,1,1,0,0,0,0,0,0,1,1,1,0,0,0,0,83,93,95
0,0,1,0,0,0,0,0,0,0,1,0,0,1,0,1,0,0,0,1,0,1,2,0,0,0,1,62,69,67
1,0,0,1,0,0,1,0,0,0,0,0,1,1,0,0,1,0,0,1,0,1,2,0,0,0,1,50,51,44
0,0,1,0,0,0,0,0,0,0,0,1,0,1,0,0,1,0,0,0,1,1,3,1,1,0,0,23,37,26
0,0,0,0,1,0,0,0,0,0,0,1,0,1,0,1,0,0,0,0,1,1,3,1,0,0,1,35,55,60
1,0,0,1,0,0,0,0,1,0,0,0,0,1,0,1,0,0,0,1,0,1,1,1,0,1,0,61,62,54
0,0,0,1,0,0,0,0,0,0,0,0,1,1,0,1,0,0,0,1,0,1,0,0,0,0,1,62,74,64
0,0,1,0,0,0,0,0,0,0,0,0,1,1,0,0,1,0,0,0,1,1,1,1,1,0,0,66,74,72
1,0,0,0,1,0,1,0,0,0,0,0,1,1,0,0,1,0,0,0,1,1,3,1,1,0,0,64,70,65
1,0,0,0,1,0,0,0,0,0,1,0,1,1,0,0,0,0,0,1,0,1,2,1,1,0,0,78,72,67
0,0,0,1,0,0,0,0,1,0,0,0,1,1,0,1,0,0,0,0,1,1,4,1,0,0,1,72,80,75
1,0,1,0,0,0,0,0,0,0,0,0,1,1,0,1,0,0,0,0,1,1,2,1,0,0,1,62,61,57
0,0,0,1,0,0,0,1,0,0,0,0,1,1,0,1,0,0,0,1,0,1,0,0,1,0,0,76,93,95
1,0,0,0,0,1,1,0,0,0,0,0,1,1,1,0,0,0,0,1,0,1,2,1,0,1,0,92,76,79
0,0,1,0,0,0,0,1,0,0,0,0,1,1,0,1,0,0,0,0,1,1,0,1,0,0,1,52,65,69
1,0,0,0,0,1,0,0,0,0,1,0,1,1,0,1,0,0,0,0,0,1,4,1,0,1,0,67,57,53
0,0,0,1,0,0,0,0,0,0,1,0,1,1,0,1,0,0,0,0,1,1,1,1,1,0,0,61,76,78
0,0,0,1,0,0,1,0,0,0,0,0,1,1,0,1,0,0,0,1,0,1,1,1,1,0,0,45,57,57
0,0,0,1,0,0,0,0,0,0,1,0,1,1,0,1,0,0,1,0,0,1,2,0,1,0,0,55,68,66
0,0,1,0,0,0,0,1,0,0,0,0,1,1,0,0,1,0,0,1,0,1,3,1,0,1,0,64,74,73
1,1,0,0,0,0,0,0,0,0,0,0,1,1,0,1,0,0,0,0,1,1,2,1,0,0,1,63,61,61
0,0,0,1,0,0,0,0,0,0,1,0,0,1,0,1,0,0,0,0,1,1,1,1,1,0,0,40,65,67
0,0,0,0,1,0,0,0,0,0,1,0,1,1,1,0,0,0,0,0,1,1,1,1,1,0,0,77,88,87
0,0,1,0,0,0,0,0,1,0,0,0,1,1,0,1,0,0,1,0,0,1,1,1,0,0,1,56,61,57
1,0,1,0,0,0,0,0,0,0,0,1,1,1,0,0,1,0,0,1,0,1,3,1,0,0,1,87,85,79
0,0,0,1,0,0,0,0,0,0,1,0,1,1,0,0,1,0,0,1,0,1,2,1,0,0,1,53,58,59
0,0,0,0,1,0,0,0,0,0,0,1,0,1,0,0,1,0,0,0,1,1,3,1,1,0,0,26,33,31
1,0,0,1,0,0,0,0,0,0,1,0,1,1,1,0,0,0,0,1,0,1,1,1,0,0,1,60,60,59
1,1,0,0,0,0,0,1,0,0,0,0,0,1,0,1,0,0,0,1,0,1,2,1,0,1,0,51,59,62
1,0,0,1,0,0,0,0,1,0,0,0,1,1,0,1,0,0,0,0,1,1,2,0,0,0,1,69,58,53
1,0,0,1,0,0,0,1,0,0,0,0,0,1,0,1,0,0,0,1,0,0,3,1,0,1,0,64,67,63
0,1,0,0,0,0,0,0,0,0,0,1,0,1,0,0,1,0,0,0,1,1,2,1,0,0,1,44,64,58
0,0,0,0,1,0,0,0,0,0,0,1,1,1,0,0,1,0,0,1,0,1,5,1,0,0,1,71,83,84
1,0,0,0,0,1,0,0,0,0,1,0,1,1,0,1,0,0,0,1,0,1,3,1,0,0,1,86,78,72
0,0,0,1,0,0,0,0,0,0,1,0,0,1,0,0,1,0,0,0,1,1,4,1,0,0,1,45,73,70
1,0,0,0,1,0,0,0,0,0,0,1,1,1,0,0,1,0,0,0,1,1,0,1,0,1,0,76,75,73
0,0,0,0,1,0,0,0,0,0,1,0,1,1,0,1,0,0,0,0,1,1,1,1,0,1,0,84,98,97
0,0,0,0,1,0,0,1,0,0,0,0,1,1,0,1,0,0,0,0,1,1,0,0,0,1,0,60,71,74
0,0,0,0,1,0,0,0,0,0,0,1,1,1,0,0,1,0,0,0,1,1,2,1,0,1,0,82,91,83
0,1,0,0,0,0,0,0,0,0,0,1,1,1,0,0,1,0,0,0,1,1,1,1,0,1,0,73,84,78
1,1,0,0,0,0,0,1,0,0,0,0,1,1,0,1,0,0,0,1,0,1,1,1,0,0,1,67,64,63
0,0,1,0,0,0,1,0,0,0,0,0,1,1,0,0,1,0,0,0,1,1,1,1,0,0,1,80,86,83
1,0,0,1,0,0,1,0,0,0,0,0,1,1,1,0,0,0,0,0,1,1,0,1,1,0,0,84,98,93
1,0,0,1,0,0,0,0,0,1,0,0,0,1,0,1,0,0,0,0,1,1,2,0,0,0,1,79,82,73
0,0,0,0,0,1,0,0,0,0,0,1,0,1,1,0,0,0,0,1,0,1,3,1,0,1,0,40,50,47
0,1,0,0,0,0,0,0,0,0,0,1,0,1,1,0,0,0,1,0,0,1,5,1,0,0,1,35,41,40
0,0,0,0,0,1,0,0,0,0,1,0,1,1,1,0,0,0,0,1,0,1,2,1,0,0,1,69,77,76
0,0,0,0,0,1,0,1,0,0,0,0,1,1,0,0,1,0,0,0,1,1,0,1,1,0,0,62,71,68
0,0,0,1,0,0,0,0,0,0,0,0,0,1,0,0,0,1,0,1,0,1,4,1,0,0,1,58,79,68
0,0,0,0,1,0,0,0,1,0,0,0,1,1,0,0,1,0,0,0,1,1,3,1,0,0,1,62,64,64
1,0,0,0,1,0,0,0,0,1,0,0,1,1,0,1,0,0,0,0,1,1,1,1,1,0,0,71,70,75
1,0,0,0,0,1,0,0,0,0,0,1,0,1,0,0,1,0,0,1,0,1,0,1,0,0,1,75,68,60
0,0,0,0,1,0,0,0,0,0,1,0,1,1,0,0,1,0,0,0,1,1,3,1,1,0,0,74,66,75
1,0,0,0,0,1,0,0,0,0,1,0,1,1,0,1,0,0,0,0,1,1,3,1,0,1,0,78,68,68
1,0,0,1,0,0,1,0,0,0,0,0,1,1,1,0,0,0,0,1,0,1,4,1,0,1,0,60,55,58
0,0,1,0,0,0,0,0,1,0,0,0,0,1,0,1,0,0,1,0,0,1,5,1,0,0,1,48,65,61
1,0,1,0,0,0,0,0,0,0,0,1,1,1,0,0,1,0,0,1,0,1,0,1,1,0,0,73,62,57
1,0,0,0,1,0,0,0,0,0,0,1,1,1,0,0,1,0,1,0,0,1,4,1,1,0,0,56,57,51
0,0,0,1,0,0,0,0,0,0,0,1,1,1,0,1,0,0,0,1,0,1,3,1,0,0,1,60,54,68
1,1,0,0,0,0,0,0,0,0,1,0,1,0,0,1,0,0,0,0,1,1,1,1,0,0,0,53,43,43
0,1,0,0,0,0,0,0,0,0,1,0,0,1,0,1,0,0,0,1,0,1,2,1,0,1,0,51,66,57
0,0,0,0,1,0,0,0,1,0,0,0,1,1,0,0,1,0,0,0,1,1,4,1,0,0,1,88,99,100
0,0,0,1,0,0,0,0,1,0,0,0,1,1,0,0,1,0,0,1,0,1,0,1,0,0,1,55,59,63
1,0,1,0,0,0,1,0,0,0,0,0,1,1,0,1,0,0,0,1,0,1,3,1,0,1,0,68,66,65
0,0,1,0,0,0,1,0,0,0,0,0,1,0,0,1,0,0,0,1,0,1,3,1,0,0,1,84,81,78
0,0,0,0,1,0,0,0,1,0,0,0,0,1,1,0,0,0,0,0,1,1,2,1,0,0,1,52,57,56
1,0,0,0,1,0,1,0,0,0,0,0,1,1,0,0,0,1,1,0,0,1,5,1,0,1,0,86,83,84
0,0,0,0,1,0,0,0,0,1,0,0,1,1,0,0,0,0,0,1,0,1,2,1,0,0,1,72,73,78
1,0,0,0,0,0,0,0,0,0,1,0,1,1,0,0,0,1,0,1,0,1,4,1,0,0,1,86,84,79
1,0,0,0,1,0,1,0,0,0,0,0,1,1,0,1,0,0,0,0,1,1,3,1,0,0,0,71,66,60
0,0,0,1,0,0,0,0,0,0,0,0,0,0,0,1,0,0,0,1,0,1,3,1,0,0,1,52,73,80
1,0,0,0,0,1,0,0,1,0,0,0,1,1,0,0,1,0,0,1,0,1,3,1,0,0,1,86,74,70
1,0,0,1,0,0,0,1,0,0,0,0,1,1,0,1,0,0,0,0,1,1,3,1,1,0,0,68,72,66
1,0,0,1,0,0,1,0,0,0,0,0,1,1,0,1,0,0,0,0,1,1,3,0,1,0,0,71,71,65
1,0,0,0,1,0,0,0,0,0,1,0,1,1,0,1,0,0,0,1,0,1,4,1,0,0,1,70,59,63
1,0,0,0,0,1,0,0,1,0,0,0,0,1,0,1,0,0,0,0,1,1,3,1,0,0,1,57,56,54
0,0,0,0,1,0,0,0,1,0,0,0,1,1,0,1,0,0,0,1,0,1,2,0,1,0,0,56,57,64
0,0,0,0,1,0,0,0,0,1,0,0,0,1,1,0,0,0,1,0,0,1,0,1,0,1,0,47,59,68
0,1,0,0,0,0,0,0,0,0,0,1,1,1,0,1,0,0,0,0,1,1,0,0,1,0,0,57,83,78
1,0,0,0,0,0,0,0,0,0,1,0,0,1,0,1,0,0,0,0,0,1,2,1,0,0,1,41,39,34
0,0,0,0,0,0,0,0,0,0,1,0,0,1,0,0,1,0,0,0,1,1,3,1,1,0,0,60,65,60
1,0,0,1,0,0,0,1,0,0,0,0,1,1,0,1,0,0,0,1,0,1,2,1,0,0,1,88,84,88
1,0,0,1,0,0,0,0,0,0,0,1,0,1,0,0,1,0,0,1,0,1,0,1,0,0,1,71,72,66
1,1,0,0,0,0,0,0,0,0,0,1,0,0,0,0,1,0,0,0,1,1,1,1,0,0,0,65,59,53
1,0,0,1,0,0,0,0,0,0,0,1,0,1,0,1,0,0,0,0,1,1,3,1,0,1,0,70,63,55
1,0,0,0,0,0,1,0,0,0,0,0,0,1,0,1,0,0,0,0,1,0,1,1,1,0,0,62,65,57
0,0,0,1,0,0,0,0,1,0,0,0,1,1,0,0,1,0,0,0,1,1,3,1,0,0,0,61,72,70
1,0,0,1,0,0,0,0,1,0,0,0,1,1,0,0,1,0,1,0,0,1,4,1,1,0,0,57,54,52
1,0,0,1,0,0,0,0,0,0,0,0,1,1,0,1,0,0,0,0,1,1,1,0,0,1,0,75,66,67
1,0,0,0,0,0,0,0,0,0,1,0,0,1,0,1,0,0,0,0,1,1,7,1,0,0,1,50,48,53
1,0,0,0,1,0,1,0,0,0,0,0,1,1,0,1,0,0,0,1,0,1,3,1,0,0,1,77,69,65
1,0,0,0,1,0,0,0,0,0,0,0,0,1,1,0,0,0,0,0,1,1,1,1,0,0,1,75,66,73
1,0,0,1,0,0,0,0,1,0,0,0,1,0,0,0,1,0,0,1,0,1,0,1,1,0,0,69,55,51
1,0,0,0,1,0,0,0,0,0,0,1,1,1,0,1,0,0,0,0,1,0,0,1,0,0,1,89,88,82
0,0,0,1,0,0,0,0,0,0,0,0,1,1,0,0,1,0,0,1,0,1,1,1,0,0,1,69,82,80
0,0,0,0,1,0,0,0,1,0,0,0,1,1,0,1,0,0,0,0,1,1,2,0,0,0,0,78,81,80
0,1,0,0,0,0,0,0,0,0,0,1,0,1,0,1,0,0,0,0,1,1,2,1,0,0,1,59,73,69
0,0,0,0,0,0,1,0,0,0,0,0,1,1,0,0,0,0,0,0,1,1,1,1,1,0,0,70,81,74
1,1,0,0,0,0,0,0,0,0,0,1,0,1,0,1,0,0,0,0,1,1,0,1,0,0,1,79,82,73
0,0,0,1,0,0,0,0,0,0,0,1,1,1,1,0,0,0,0,1,0,0,3,0,0,0,1,69,75,78
1,0,0,0,1,0,0,0,0,0,1,0,0,1,0,0,0,0,0,1,0,1,1,1,0,1,0,73,67,62
1,0,0,1,0,0,0,0,1,0,0,0,1,1,0,0,1,0,0,1,0,1,2,1,0,1,0,91,83,83
1,0,1,0,0,0,0,0,1,0,0,0,1,1,0,0,0,1,0,1,0,1,4,1,0,0,1,48,46,43
0,0,0,1,0,0,0,0,0,0,1,0,0,1,1,0,0,0,0,0,1,1,3,1,0,0,1,64,85,85
0,0,0,0,0,1,0,0,0,0,1,0,1,1,0,1,0,0,0,0,1,0,5,1,0,0,1,100,92,97
0,0,0,1,0,0,1,0,0,0,0,0,0,1,0,1,0,0,0,1,0,1,1,1,0,1,0,68,79,77
1,0,0,1,0,0,0,0,0,0,1,0,0,1,0,1,0,0,1,0,0,1,3,1,0,1,0,64,57,48
0,0,0,1,0,0,1,0,0,0,0,0,0,1,0,0,0,0,0,1,0,1,3,1,0,0,1,54,61,63
1,0,0,1,0,0,0,1,0,0,0,0,0,1,0,1,0,0,0,0,1,1,0,1,0,0,1,37,56,47
0,0,0,0,1,0,0,1,0,0,0,0,1,1,1,0,0,0,0,0,1,1,3,1,0,0,1,79,89,89
1,0,0,0,1,0,1,0,0,0,0,0,0,1,0,0,1,0,0,1,0,1,1,0,0,0,1,54,54,49
0,0,0,0,0,1,0,1,0,0,0,0,1,1,0,1,0,0,0,1,0,0,2,1,0,0,0,100,100,100
1,0,1,0,0,0,0,0,1,0,0,0,1,0,0,1,0,0,0,0,1,1,4,0,0,0,1,72,65,68
1,0,0,1,0,0,0,1,0,0,0,0,0,1,0,1,0,0,0,1,0,1,1,1,1,0,0,52,57,55
1,0,1,0,0,0,0,0,0,0,1,0,0,1,0,1,0,0,0,0,1,1,1,1,0,0,1,54,54,45
0,0,0,0,0,1,0,0,0,0,1,0,1,1,1,0,0,0,1,0,0,1,1,1,0,0,1,68,68,74
0,0,0,1,0,0,0,0,0,0,1,0,0,1,0,0,0,1,0,0,1,1,4,1,0,0,1,77,90,91
0,0,0,1,0,0,0,0,0,0,1,0,1,1,0,1,0,0,0,0,1,1,4,0,0,0,1,84,87,91
0,0,0,0,1,0,1,0,0,0,0,0,0,1,1,0,0,0,0,0,1,1,1,1,0,1,0,26,31,38
1,1,0,0,0,0,0,0,1,0,0,0,0,1,0,1,0,0,0,1,0,1,7,1,0,1,0,76,69,67
0,1,0,0,0,0,0,0,1,0,0,0,0,1,0,0,1,0,0,1,0,1,3,1,0,0,1,79,89,87
1,0,0,0,0,0,0,0,0,0,1,0,1,1,0,1,0,0,0,1,0,1,2,1,0,0,1,93,75,77
0,0,0,1,0,0,1,0,0,0,0,0,1,1,1,0,0,0,0,0,1,1,1,1,0,0,1,83,85,90
0,0,0,1,0,0,0,0,1,0,0,0,1,0,0,1,0,0,0,1,0,1,0,1,1,0,0,62,68,74
0,0,0,1,0,0,1,0,0,0,0,0,1,1,0,1,0,0,0,0,1,1,4,1,0,0,1,68,86,84
0,0,0,0,1,0,0,0,0,0,0,1,1,1,0,1,0,0,0,0,1,1,5,1,0,1,0,57,66,60
0,0,1,0,0,0,1,0,0,0,0,0,1,0,0,0,1,0,0,0,1,1,2,1,0,0,1,90,90,91
0,0,0,0,1,0,0,1,0,0,0,0,1,1,0,0,0,0,0,0,1,1,3,0,0,1,0,73,77,84
1,0,0,0,0,1,0,1,0,0,0,0,1,1,0,0,1,0,0,0,1,1,2,1,0,0,1,76,62,66
1,0,0,0,1,0,0,0,0,0,0,0,1,1,0,1,0,0,0,0,1,1,1,1,0,0,1,80,68,72
0,0,0,0,1,0,0,0,0,1,0,0,1,1,0,0,1,0,1,0,0,1,1,1,0,0,1,53,64,70
1,0,0,0,0,1,1,0,0,0,0,0,1,1,0,0,1,0,0,0,1,1,4,1,0,1,0,78,72,68
1,0,1,0,0,0,0,0,1,0,0,0,1,1,0,1,0,0,0,0,1,1,1,1,0,0,1,73,71,68
0,0,0,0,1,0,1,0,0,0,0,0,0,0,0,1,0,0,0,0,1,1,3,1,0,0,1,52,59,56
1,0,0,0,0,0,0,0,0,0,1,0,0,1,0,1,0,0,0,0,1,1,2,1,0,1,0,70,69,62
1,1,0,0,0,0,0,0,1,0,0,0,1,1,1,0,0,0,0,0,1,1,2,1,0,0,1,59,52,46
0,0,1,0,0,0,1,0,0,0,0,0,1,1,0,0,1,0,0,1,0,1,3,1,1,0,0,48,51,54
1,0,0,0,1,0,0,0,0,0,1,0,0,1,0,1,0,0,0,0,1,1,3,1,0,0,1,61,47,56
0,0,0,1,0,0,1,0,0,0,0,0,0,1,0,1,0,0,0,0,1,0,4,1,0,0,1,60,75,74
1,0,1,0,0,0,0,0,0,0,0,1,1,1,1,0,0,0,0,1,0,1,1,1,0,0,1,65,53,58
1,1,0,0,0,0,1,0,0,0,0,0,0,1,0,0,0,0,1,0,0,1,5,1,0,0,1,76,80,79
0,1,0,0,0,0,1,0,0,0,0,0,0,1,0,1,0,0,0,1,0,1,1,1,1,0,0,64,84,76
0,0,0,1,0,0,1,0,0,0,0,0,1,0,1,0,0,0,0,0,1,0,0,0,0,0,1,64,64,70
0,0,0,1,0,0,0,0,0,0,1,0,1,1,0,1,0,0,0,0,1,1,1,1,0,0,1,83,83,90
0,0,0,1,0,0,0,1,0,0,0,0,1,1,0,1,0,0,0,0,1,1,6,1,1,0,0,78,86,88
0,0,1,0,0,0,0,0,1,0,0,0,1,1,1,0,0,0,0,1,0,1,2,1,1,0,0,53,63,68
1,0,0,0,1,0,0,0,1,0,0,0,1,1,1,0,0,0,0,0,1,1,4,1,0,0,1,68,64,66
0,0,0,1,0,0,0,0,0,0,1,0,1,1,0,1,0,0,0,1,0,1,3,1,1,0,0,53,47,52
0,0,0,0,1,0,0,0,0,0,1,0,0,1,0,0,0,0,0,0,1,1,1,1,0,0,1,59,78,76
1,0,0,0,0,1,0,0,0,0,1,0,1,1,0,1,0,0,0,0,1,1,3,1,1,0,0,73,69,70
0,0,0,0,1,0,0,0,0,1,0,0,1,1,0,1,0,0,0,0,1,1,2,1,0,0,1,74,80,84
0,0,1,0,0,0,1,0,0,0,0,0,1,1,0,1,0,0,0,0,1,1,0,1,1,0,0,91,85,90
1,0,0,1,0,0,0,0,0,0,1,0,0,1,1,0,0,0,0,0,1,1,0,1,0,0,0,63,61,54
0,0,0,0,0,1,1,0,0,0,0,0,1,1,0,1,0,0,0,1,0,1,3,1,0,1,0,100,91,96
0,0,0,0,1,0,0,0,0,1,0,0,0,1,0,0,1,0,0,1,0,1,1,1,0,0,1,41,61,57
0,0,1,0,0,0,0,0,0,0,0,1,1,1,0,1,0,0,0,0,1,1,3,1,1,0,0,79,80,78
1,1,0,0,0,0,0,0,1,0,0,0,1,1,0,1,0,0,0,1,0,1,1,1,0,0,1,70,71,67
1,0,0,1,0,0,0,0,0,0,0,0,1,1,0,0,1,0,0,0,1,1,3,1,0,0,1,79,78,77
0,0,0,1,0,0,0,1,0,0,0,0,1,1,0,1,0,0,0,1,0,1,1,1,0,0,1,88,93,89
1,0,0,0,1,0,0,0,0,0,1,0,1,1,0,1,0,0,0,0,1,1,3,0,0,0,1,76,71,73
1,1,0,0,0,0,0,0,0,0,0,0,1,1,0,0,0,0,0,0,1,1,2,0,1,0,0,62,49,42
1,0,0,0,1,0,0,0,0,0,0,1,0,1,0,1,0,0,0,1,0,1,2,1,1,0,0,61,48,52
0,0,1,0,0,0,0,0,0,0,0,1,1,1,1,0,0,0,0,1,0,1,3,1,0,0,1,55,61,63
0,0,1,0,0,0,0,0,0,1,0,0,0,1,0,0,1,0,0,0,1,1,3,1,0,0,1,77,97,94
0,0,0,1,0,0,0,0,0,0,0,1,1,1,0,1,0,0,0,0,1,1,1,1,0,0,1,76,87,85
0,0,0,0,1,0,0,0,0,0,1,0,1,1,0,1,0,0,0,0,1,1,1,1,0,0,0,74,89,84
0,0,0,0,0,1,0,0,0,0,1,0,1,1,1,0,0,0,1,0,0,1,1,1,0,0,1,64,72,71
0,0,0,0,1,0,0,0,0,0,0,1,1,1,0,0,1,0,0,1,0,1,1,1,0,0,1,67,79,79
0,0,1,0,0,0,0,0,1,0,0,0,0,1,0,1,0,0,0,0,1,1,5,1,0,0,1,67,78,79
1,0,0,0,1,0,0,0,0,0,0,0,1,1,0,1,0,0,0,0,1,1,3,1,0,0,1,71,49,52
0,0,0,1,0,0,1,0,0,0,0,0,1,1,0,0,1,0,0,0,1,1,4,1,0,0,1,91,86,84
1,0,0,0,0,0,0,1,0,0,0,0,1,1,0,1,0,0,0,0,1,1,5,1,0,1,0,71,58,58
1,0,0,1,0,0,0,0,0,1,0,0,0,0,0,0,0,1,0,1,0,1,2,0,0,0,1,56,61,52
1,0,0,1,0,0,0,0,1,0,0,0,1,1,0,1,0,0,0,0,1,1,2,1,0,0,0,53,52,49
1,0,0,0,0,0,0,0,0,0,1,0,1,1,0,0,1,0,0,0,1,1,3,1,0,1,0,70,60,60
1,0,0,1,0,0,0,0,0,0,0,1,0,1,0,0,1,0,0,0,1,1,4,1,1,0,0,54,60,58
0,0,0,1,0,0,0,0,1,0,0,0,0,1,1,0,0,0,0,0,1,1,2,0,0,0,1,36,53,43
0,0,0,0,1,0,0,1,0,0,0,0,0,1,0,0,1,0,0,0,1,1,2,1,1,0,0,28,40,46
0,0,0,1,0,0,1,0,0,0,0,0,1,1,0,1,0,0,1,0,0,1,1,1,0,0,1,60,72,68
0,0,0,1,0,0,1,0,0,0,0,0,1,1,0,1,0,0,0,0,0,1,1,1,0,0,1,68,67,73
0,0,0,1,0,0,0,0,0,0,0,1,1,1,0,1,0,0,1,0,0,1,2,1,0,0,1,45,53,51
1,0,0,0,0,1,1,0,0,0,0,0,1,1,0,0,1,0,0,0,1,1,2,1,1,0,0,60,60,56
0,0,0,0,0,1,1,0,0,0,0,0,1,1,0,1,0,0,0,0,1,1,4,1,0,0,1,79,88,94
1,0,1,0,0,0,0,0,1,0,0,0,1,1,0,1,0,0,0,0,1,1,1,1,0,1,0,75,70,69
0,0,0,1,0,0,0,1,0,0,0,0,0,1,0,1,0,0,0,0,1,1,5,1,0,0,1,66,83,83
1,0,0,0,0,0,1,0,0,0,0,0,1,1,0,0,1,0,1,0,0,1,2,0,1,0,0,47,58,55
0,0,0,0,1,0,0,0,1,0,0,0,1,1,0,1,0,0,1,0,0,1,1,1,0,0,1,49,65,60
1,0,0,0,0,0,0,1,0,0,0,0,1,1,0,0,0,0,0,0,1,1,2,1,1,0,0,82,65,69
1,1,0,0,0,0,1,0,0,0,0,0,1,1,0,1,0,0,0,0,1,1,3,1,0,1,0,99,93,87
1,0,0,1,0,0,0,0,1,0,0,0,1,1,0,1,0,0,0,0,1,1,1,1,0,0,1,75,69,68
1,0,0,0,0,0,1,0,0,0,0,0,0,0,0,0,1,0,0,0,1,1,2,1,1,0,0,76,80,78
0,0,0,0,0,0,1,0,0,0,0,0,1,1,1,0,0,0,0,1,0,1,3,1,0,0,1,83,78,80
0,0,0,0,1,0,1,0,0,0,0,0,1,1,0,0,1,0,0,1,0,1,2,1,0,1,0,86,97,93
0,0,0,0,1,0,0,0,0,0,0,0,1,1,0,1,0,0,0,0,1,1,2,0,0,0,1,64,63,66
1,0,0,0,0,1,0,0,0,0,0,1,0,1,0,1,0,0,0,1,0,1,1,1,0,0,1,80,84,82
0,1,0,0,0,0,0,0,0,0,0,1,1,1,0,1,0,0,0,0,1,1,3,1,0,0,1,92,100,97
1,0,0,1,0,0,0,0,1,0,0,0,1,1,1,0,0,0,0,1,0,1,2,1,1,0,0,71,66,64
0,0,0,1,0,0,0,0,1,0,0,0,0,1,0,1,0,0,0,1,0,1,5,1,1,0,0,61,66,64
1,0,0,1,0,0,0,0,0,1,0,0,1,1,0,1,0,0,0,0,1,1,1,1,1,0,0,77,72,69
1,0,0,1,0,0,0,0,0,0,0,1,0,1,0,0,0,0,0,0,1,1,0,0,1,0,0,76,74,63
1,0,1,0,0,0,0,1,0,0,0,0,0,1,0,1,0,0,0,1,0,1,2,1,0,0,1,89,91,90
0,0,1,0,0,0,0,0,0,0,0,0,1,1,0,1,0,0,1,0,0,1,3,1,0,0,1,38,47,48
1,0,0,0,1,0,0,0,0,0,1,0,0,1,0,1,0,0,0,1,0,1,2,1,0,0,1,79,62,65
1,0,0,0,0,1,1,0,0,0,0,0,1,1,1,0,0,0,0,1,0,1,1,1,0,1,0,56,46,41
1,0,0,1,0,0,0,0,0,1,0,0,0,1,0,0,1,0,0,1,0,1,1,1,0,0,1,63,69,69
0,0,1,0,0,0,1,0,0,0,0,0,0,1,0,0,1,0,0,0,1,1,2,1,1,0,0,51,68,68
1,0,0,0,1,0,0,0,0,0,0,1,1,1,0,1,0,0,0,0,1,1,2,1,0,1,0,75,66,63
0,0,0,0,1,0,0,0,0,0,1,0,1,1,1,0,0,0,0,0,1,1,3,1,0,0,0,74,75,79
0,0,0,1,0,0,0,0,0,0,1,0,1,1,0,0,1,0,0,1,0,1,3,1,0,1,0,66,76,77
1,0,0,1,0,0,0,1,0,0,0,0,1,1,0,1,0,0,0,1,0,1,2,1,1,0,0,95,89,92
0,0,0,0,1,0,0,0,0,0,1,0,0,1,1,0,0,0,0,0,1,1,1,0,0,0,1,63,80,80
1,0,1,0,0,0,0,1,0,0,0,0,0,1,0,1,0,0,0,0,1,0,1,1,1,0,0,46,50,45
1,0,1,0,0,0,1,0,0,0,0,0,1,1,1,0,0,0,0,0,1,1,2,1,1,0,0,46,42,44
0,0,0,0,0,1,0,1,0,0,0,0,0,1,0,0,1,0,1,0,0,1,4,1,0,0,1,89,98,97
0,0,0,0,1,0,0,0,0,1,0,0,0,1,0,1,0,0,0,0,0,1,2,0,0,0,1,61,72,80
1,0,1,0,0,0,0,0,1,0,0,0,0,1,0,1,0,0,0,1,0,1,6,1,1,0,0,62,47,47
1,0,0,0,0,0,0,1,0,0,0,0,0,1,0,0,1,0,0,1,0,1,2,1,0,0,0,70,69,68
1,0,1,0,0,0,0,0,0,0,0,0,1,1,1,0,0,0,0,1,0,1,1,1,0,0,1,73,76,71
1,1,0,0,0,0,0,1,0,0,0,0,1,1,0,1,0,0,1,0,0,1,1,1,0,0,1,88,94,89
0,0,0,1,0,0,0,0,0,0,1,0,1,0,0,0,1,0,0,0,1,1,5,1,0,1,0,54,62,57
0,0,0,1,0,0,0,0,1,0,0,0,0,1,0,0,0,0,0,0,1,1,1,1,0,0,1,50,66,64
0,0,0,0,0,0,0,0,1,0,0,0,1,1,0,0,0,0,0,0,1,1,1,1,0,1,0,76,82,72
1,1,0,0,0,0,1,0,0,0,0,0,0,0,0,1,0,0,0,0,1,1,7,1,0,0,1,40,55,53
1,1,0,0,0,0,0,0,0,0,1,0,1,1,0,1,0,0,0,0,1,1,0,1,0,0,1,61,51,52
0,0,1,0,0,0,0,0,1,0,0,0,1,1,0,1,0,0,0,0,1,1,1,1,1,0,0,78,89,87
0,0,1,0,0,0,0,0,0,0,1,0,0,1,0,0,1,0,0,0,1,1,1,1,0,1,0,49,56,59
0,0,0,0,1,0,0,0,0,1,0,0,1,1,0,1,0,0,0,1,0,1,3,1,1,0,0,52,60,68
0,0,0,0,1,0,0,0,0,0,0,1,1,1,0,1,0,0,0,0,1,1,2,1,1,0,0,78,95,94
0,0,0,0,0,1,0,0,0,0,0,1,1,1,1,0,0,0,1,0,0,1,3,1,0,0,1,74,77,78
0,0,0,0,1,0,0,1,0,0,0,0,0,1,0,0,0,1,0,0,1,1,1,1,0,0,1,63,73,78
0,0,0,0,0,0,1,0,0,0,0,0,1,1,0,0,1,0,0,0,1,1,2,1,0,1,0,75,76,81
0,1,0,0,0,0,0,0,1,0,0,0,1,1,0,1,0,0,0,0,1,1,3,1,0,0,1,55,73,73
0,0,0,1,0,0,0,1,0,0,0,0,0,1,0,1,0,0,0,1,0,1,1,1,1,0,0,43,62,62
0,0,0,1,0,0,0,0,0,0,1,0,1,1,0,0,0,0,0,1,0,1,1,1,1,0,0,53,63,65
0,1,0,0,0,0,0,0,0,0,0,1,1,1,0,0,1,0,0,0,1,1,1,0,0,0,1,48,66,65
1,0,0,1,0,0,0,0,0,0,1,0,0,1,0,0,0,1,0,0,1,1,3,1,1,0,0,56,56,52
1,0,0,0,0,0,0,0,0,0,0,1,1,1,0,0,0,1,0,0,1,1,5,1,0,0,1,67,61,48
0,0,0,0,0,0,0,0,0,0,0,0,1,0,0,1,0,0,0,0,1,1,3,1,0,0,1,74,76,73
0,0,0,1,0,0,0,1,0,0,0,0,1,1,0,1,0,0,0,1,0,1,2,1,0,0,1,94,100,100
0,0,0,1,0,0,0,1,0,0,0,0,1,1,0,1,0,0,0,0,1,1,1,1,0,1,0,57,80,73
1,0,1,0,0,0,0,0,1,0,0,0,0,1,0,1,0,0,0,1,0,1,2,1,0,0,1,30,24,15
1,1,0,0,0,0,0,0,0,0,0,1,1,1,0,1,0,0,1,0,0,1,1,0,0,0,1,51,53,46
0,0,0,0,1,0,0,0,1,0,0,0,1,1,0,1,0,0,0,0,1,1,4,1,0,1,0,71,78,74
0,0,0,0,1,0,0,0,0,0,0,1,1,1,0,0,1,0,0,0,1,1,1,1,0,0,1,65,82,81
0,0,0,0,0,0,0,0,0,1,0,0,1,1,0,0,1,0,0,0,1,1,1,1,1,0,0,52,60,63
0,0,0,1,0,0,0,0,1,0,0,0,1,1,1,0,0,0,0,0,1,1,1,1,0,0,1,29,29,30
0,0,0,0,0,1,0,0,0,0,1,0,1,1,0,1,0,0,0,0,1,1,2,1,0,0,1,76,78,80
1,0,0,0,1,0,0,0,1,0,0,0,0,1,0,1,0,0,0,0,1,1,1,1,0,0,1,60,57,51
1,0,0,1,0,0,0,0,0,0,0,1,1,1,1,0,0,0,0,0,1,1,3,1,1,0,0,72,70,60
0,0,0,1,0,0,0,0,0,1,0,0,0,1,0,1,0,0,0,0,1,1,1,1,0,0,1,40,59,55
0,0,0,0,0,0,0,0,0,0,1,0,1,0,1,0,0,0,1,0,0,1,0,1,0,0,1,59,63,60
0,0,1,0,0,0,1,0,0,0,0,0,1,1,0,1,0,0,0,1,0,1,1,1,1,0,0,57,62,65
1,0,0,0,1,0,0,0,0,0,1,0,0,1,0,1,0,0,0,0,1,1,5,1,0,0,1,69,60,63
0,0,0,1,0,0,0,0,0,0,1,0,1,1,0,1,0,0,0,0,1,1,3,1,1,0,0,56,58,64
1,0,0,1,0,0,0,1,0,0,0,0,1,1,0,1,0,0,0,0,1,1,0,1,1,0,0,91,88,89
0,1,0,0,0,0,1,0,0,0,0,0,1,1,0,1,0,0,0,0,1,1,4,1,0,0,1,82,93,93
0,0,0,1,0,0,0,0,1,0,0,0,1,1,0,1,0,0,0,0,1,1,1,1,0,0,1,60,68,72
0,0,0,0,0,1,0,1,0,0,0,0,1,1,0,0,1,0,0,0,1,0,4,1,0,0,1,37,45,38
1,0,0,0,1,0,0,1,0,0,0,0,1,1,0,0,0,0,0,0,1,1,3,0,0,0,1,88,78,83
1,0,0,0,1,0,0,0,0,1,0,0,1,1,0,1,0,0,0,0,1,1,1,1,0,0,1,95,82,86
1,0,0,0,0,0,1,0,0,0,0,0,0,1,0,1,0,0,1,0,0,1,3,0,1,0,0,61,70,64
0,0,0,1,0,0,0,0,1,0,0,0,0,1,0,0,1,0,0,0,1,1,2,1,0,1,0,36,61,55
1,0,1,0,0,0,0,0,0,0,0,0,0,1,0,0,1,0,0,1,0,0,3,1,0,0,1,63,63,57
1,0,0,1,0,0,0,0,1,0,0,0,0,1,0,1,0,0,0,0,1,1,2,1,0,1,0,59,51,53
1,1,0,0,0,0,0,0,0,0,1,0,1,1,1,0,0,0,1,0,0,1,4,1,0,0,1,97,94,83
0,0,0,0,0,0,0,1,0,0,0,0,0,1,0,1,0,0,0,1,0,1,2,1,1,0,0,60,57,62
1,0,0,0,1,0,0,0,0,0,1,0,1,1,0,1,0,0,0,1,0,1,0,0,1,0,0,99,96,99
1,0,1,0,0,0,1,0,0,0,0,0,0,1,1,0,0,0,1,0,0,1,1,1,0,0,1,66,68,61
1,0,0,0,1,0,1,0,0,0,0,0,1,1,1,0,0,0,0,0,1,1,1,1,0,0,0,61,48,46
1,0,0,0,1,0,0,0,0,0,1,0,0,1,0,1,0,0,0,1,0,1,2,1,0,0,1,50,57,47
0,0,0,1,0,0,0,0,0,0,0,1,1,1,0,1,0,0,0,1,0,1,0,1,0,0,1,45,51,56
1,0,0,0,1,0,0,0,0,0,1,0,1,1,0,0,1,0,1,0,0,1,1,1,0,0,1,64,63,68
1,0,1,0,0,0,0,0,1,0,0,0,1,1,0,0,0,1,0,1,0,1,2,1,0,0,1,81,60,66
0,0,1,0,0,0,0,1,0,0,0,0,1,1,0,1,0,0,0,0,1,1,2,1,0,1,0,67,75,82
0,0,0,1,0,0,0,0,1,0,0,0,1,1,0,1,0,0,0,0,1,1,5,1,0,0,1,75,88,85
1,1,0,0,0,0,0,0,1,0,0,0,1,1,0,1,0,0,0,0,1,1,0,1,0,0,1,71,74,64
0,0,0,0,1,0,0,0,0,0,0,1,1,1,0,0,1,0,1,0,0,0,2,1,1,0,0,75,89,84
1,0,0,0,0,1,0,0,0,0,1,0,1,0,0,1,0,0,0,1,0,1,2,1,0,0,1,88,77,75
0,0,0,0,1,0,0,0,0,0,0,0,1,1,0,0,1,0,1,0,0,1,2,1,0,0,1,73,72,71
1,0,0,0,1,0,0,0,1,0,0,0,1,1,0,0,1,0,0,0,1,1,3,1,0,1,0,42,52,52
0,0,0,0,1,0,1,0,0,0,0,0,0,1,0,0,0,0,0,0,1,1,1,1,0,1,0,76,89,91
0,0,1,0,0,0,0,0,0,0,0,1,0,1,0,1,0,0,1,0,0,1,2,1,1,0,0,67,78,75
1,0,1,0,0,0,0,0,1,0,0,0,1,1,0,0,1,0,0,0,1,1,1,1,1,0,0,67,64,58
0,0,1,0,0,0,0,1,0,0,0,0,1,1,0,1,0,0,1,0,0,1,1,1,0,0,1,63,79,78
0,0,0,0,0,0,1,0,0,0,0,0,1,1,0,1,0,0,0,1,0,1,4,1,0,1,0,62,72,67
0,0,0,0,0,1,0,0,0,0,0,0,0,1,0,0,1,0,0,0,1,1,2,1,1,0,0,62,61,66
0,0,0,0,0,0,0,0,1,0,0,0,1,1,0,0,1,0,0,1,0,1,2,1,0,0,1,51,53,56
1,0,0,1,0,0,0,0,0,0,0,1,0,1,0,0,1,0,0,0,1,1,3,0,0,1,0,52,56,54
0,1,0,0,0,0,0,0,1,0,0,0,1,1,0,1,0,0,0,1,0,1,7,1,0,0,1,70,81,77
0,0,0,0,1,0,0,0,0,0,1,0,1,1,0,1,0,0,0,0,1,1,2,1,1,0,0,82,84,96
0,1,0,0,0,0,1,0,0,0,0,0,1,1,0,0,1,0,0,0,1,1,2,1,0,0,1,65,70,74
0,0,1,0,0,0,0,0,0,0,0,1,1,1,1,0,0,0,0,0,1,1,1,1,0,0,1,73,79,79
0,0,1,0,0,0,0,0,0,0,1,0,1,1,0,1,0,0,0,0,1,1,1,1,0,0,0,62,67,67
1,0,0,1,0,0,1,0,0,0,0,0,0,1,0,1,0,0,0,0,1,1,5,1,0,1,0,79,68,65
1,0,0,0,1,0,0,0,0,0,0,1,1,1,0,1,0,0,0,0,1,1,1,1,0,1,0,71,66,62
0,0,0,0,1,0,1,0,0,0,0,0,0,1,0,1,0,0,0,0,0,1,3,1,0,0,1,43,60,58
1,0,0,0,1,0,1,0,0,0,0,0,1,1,1,0,0,0,0,0,1,1,4,1,0,0,1,90,87,85
1,0,0,1,0,0,0,0,0,0,0,1,1,1,0,1,0,0,1,0,0,1,2,0,0,0,1,70,65,61
0,0,0,0,1,0,0,0,0,0,1,0,0,1,1,0,0,0,0,1,0,1,2,1,1,0,0,54,70,69
0,0,0,1,0,0,0,0,1,0,0,0,1,1,0,0,0,0,0,0,1,1,5,1,0,0,1,65,69,67
1,0,0,0,0,0,1,0,0,0,0,0,1,1,0,1,0,0,0,1,0,1,1,1,0,0,0,82,63,64
0,0,0,1,0,0,0,0,0,0,0,1,0,1,0,0,1,0,0,0,1,1,2,0,0,0,1,50,60,60
0,0,0,1,0,0,0,0,0,0,1,0,0,1,0,1,0,0,0,0,1,1,2,1,0,0,1,63,73,71
0,0,1,0,0,0,0,1,0,0,0,0,0,1,0,1,0,0,0,0,1,1,4,1,1,0,0,74,83,85
1,0,0,1,0,0,0,0,0,0,1,0,1,1,0,0,1,0,0,1,0,1,5,0,0,0,1,75,75,62
1,0,0,0,1,0,1,0,0,0,0,0,1,1,0,0,1,0,0,0,1,1,3,1,0,0,1,81,72,77
0,0,0,1,0,0,0,0,1,0,0,0,0,1,0,1,0,0,1,0,0,1,2,1,1,0,0,62,73,64
1,0,0,0,1,0,1,0,0,0,0,0,0,1,0,1,0,0,0,0,1,1,0,1,1,0,0,50,56,49
0,0,0,1,0,0,0,0,0,0,1,0,1,1,0,1,0,0,0,1,0,1,1,1,0,0,1,71,79,77
0,0,0,1,0,0,1,0,0,0,0,0,1,0,0,1,0,0,0,0,1,1,2,1,0,0,1,65,84,84
0,0,0,0,1,0,0,0,1,0,0,0,1,1,1,0,0,0,0,1,0,1,2,1,0,0,1,71,78,79
0,0,1,0,0,0,0,0,0,0,1,0,1,1,0,1,0,0,0,0,1,1,2,0,0,0,1,50,64,66
0,0,0,1,0,0,0,0,0,0,0,0,1,1,0,0,1,0,0,0,1,1,1,1,0,1,0,72,83,77
1,0,0,0,1,0,1,0,0,0,0,0,0,0,0,1,0,0,0,1,0,1,1,0,0,0,1,83,76,79
1,0,0,0,1,0,0,0,0,0,1,0,0,0,1,0,0,0,0,0,1,1,3,1,0,0,1,63,61,60
0,0,0,0,1,0,0,0,1,0,0,0,1,1,1,0,0,0,0,1,0,1,6,1,1,0,0,66,71,74
1,0,1,0,0,0,0,0,1,0,0,0,1,1,1,0,0,0,0,1,0,1,2,1,0,0,1,63,55,55
0,0,0,1,0,0,0,0,0,0,0,0,0,1,1,0,0,0,0,1,0,1,2,1,0,0,1,29,40,45
1,0,1,0,0,0,0,0,0,0,1,0,1,0,0,1,0,0,0,1,0,1,1,1,1,0,0,61,65,68
0,0,0,0,0,1,0,0,0,1,0,0,1,1,0,0,1,0,0,0,1,1,2,1,0,1,0,97,100,100
1,0,0,0,0,1,0,0,0,0,1,0,1,1,0,0,1,0,0,0,1,1,0,1,0,0,1,85,75,68
1,0,0,0,0,0,1,0,0,0,0,0,0,1,1,0,0,0,0,1,0,1,2,1,0,1,0,81,80,76
1,1,0,0,0,0,0,0,1,0,0,0,0,1,1,0,0,0,0,0,1,1,2,1,0,0,1,53,58,44
1,0,0,0,0,1,0,0,0,0,1,0,0,1,0,1,0,0,0,0,1,1,3,1,0,0,1,93,90,83
0,0,0,1,0,0,1,0,0,0,0,0,1,1,0,1,0,0,1,0,0,1,5,1,0,0,1,47,52,51
0,0,0,0,0,1,1,0,0,0,0,0,0,1,0,1,0,0,0,0,1,1,1,1,1,0,0,70,74,76
0,0,0,1,0,0,0,0,0,0,0,0,0,1,1,0,0,0,0,0,1,1,0,1,0,1,0,67,75,82
0,0,0,0,1,0,1,0,0,0,0,0,1,1,0,1,0,0,0,1,0,1,2,1,0,0,1,79,78,74
0,0,0,1,0,0,0,0,0,0,0,1,1,1,0,0,1,0,0,0,1,1,1,1,0,0,1,49,63,56
0,0,0,0,1,0,0,0,0,0,1,0,0,1,0,1,0,0,0,0,0,1,2,1,0,1,0,81,90,87
0,0,0,0,0,0,1,0,0,0,0,0,1,1,0,1,0,0,0,0,1,1,1,1,1,0,0,72,80,88
0,1,0,0,0,0,0,1,0,0,0,0,1,1,0,0,0,0,0,0,1,1,3,1,1,0,0,57,70,68
0,0,0,0,1,0,1,0,0,0,0,0,1,1,0,1,0,0,0,0,1,1,2,1,0,0,1,57,78,79
1,0,0,1,0,0,0,0,1,0,0,0,0,1,1,0,0,0,1,0,0,1,3,1,0,0,1,64,65,57
0,0,0,0,0,1,0,1,0,0,0,0,1,1,0,0,1,0,0,1,0,1,4,1,0,0,1,81,82,84
0,0,0,0,0,0,0,0,0,0,0,1,1,1,0,1,0,0,1,0,0,1,2,1,0,0,0,55,65,70
0,0,0,0,1,0,0,0,0,0,0,0,1,0,0,1,0,0,1,0,0,1,2,1,0,0,1,61,63,65
0,0,1,0,0,0,0,0,0,0,0,1,0,1,0,1,0,0,0,0,1,1,3,1,1,0,0,57,62,62
1,1,0,0,0,0,0,0,0,0,0,0,0,1,0,0,1,0,0,1,0,1,2,1,0,0,1,63,73,66
1,0,0,0,1,0,0,0,1,0,0,0,1,1,0,1,0,0,0,1,0,1,2,1,0,0,1,47,34,36
1,0,0,1,0,0,0,0,0,0,1,0,1,0,0,1,0,0,0,0,1,1,3,1,0,0,1,66,59,52
1,0,0,0,1,0,0,0,1,0,0,0,1,1,0,1,0,0,1,0,0,1,2,1,1,0,0,83,84,75
0,0,0,0,1,0,1,0,0,0,0,0,0,1,1,0,0,0,0,0,1,1,0,1,0,0,1,42,61,58
1,0,0,1,0,0,0,0,0,0,1,0,1,1,1,0,0,0,0,0,1,1,0,0,0,0,1,93,84,90
0,0,0,0,0,1,0,0,0,0,0,1,1,1,1,0,0,0,0,0,1,1,2,1,0,0,1,80,85,85
0,0,0,0,1,0,0,0,0,0,1,0,1,1,0,1,0,0,0,0,1,1,3,1,0,0,1,98,100,99
1,0,0,0,1,0,0,0,0,1,0,0,1,1,1,0,0,0,0,0,1,1,1,1,1,0,0,79,81,84
0,0,1,0,0,0,0,0,0,0,0,1,1,1,0,1,0,0,0,1,0,1,1,1,0,1,0,63,72,77
0,0,1,0,0,0,1,0,0,0,0,0,0,1,0,1,0,0,0,1,0,1,0,1,1,0,0,75,93,87
1,0,0,1,0,0,1,0,0,0,0,0,1,1,1,0,0,0,1,0,0,1,1,0,1,0,0,68,75,68
0,0,0,1,0,0,1,0,0,0,0,0,1,1,0,0,1,0,0,0,1,1,4,1,0,0,1,96,96,99
0,0,0,1,0,0,0,0,1,0,0,0,1,1,0,0,0,1,0,1,0,1,3,0,0,0,1,78,77,75
1,0,0,0,0,1,1,0,0,0,0,0,0,1,1,0,0,0,1,0,0,0,0,1,1,0,0,85,70,76
0,0,0,1,0,0,0,0,0,0,1,0,0,1,0,1,0,0,0,1,0,1,2,1,0,0,1,63,73,71
1,0,0,0,1,0,0,0,0,0,0,1,0,1,0,1,0,0,0,1,0,1,1,1,0,0,1,56,59,60
0,0,1,0,0,0,0,0,0,0,0,1,0,0,0,0,1,0,0,1,0,1,2,1,1,0,0,73,89,88
1,0,0,1,0,0,0,0,1,0,0,0,1,1,0,1,0,0,0,1,0,1,2,1,0,0,1,51,48,43
1,0,1,0,0,0,0,0,0,0,1,0,1,1,1,0,0,0,0,0,1,1,4,1,0,1,0,48,43,41
1,0,0,0,0,1,0,0,0,0,1,0,1,1,0,1,0,0,1,0,0,1,4,0,1,0,0,76,71,67
0,0,0,0,0,1,0,0,0,0,0,0,1,1,0,0,1,0,0,0,1,1,3,1,0,1,0,66,76,78
1,0,0,0,0,1,0,0,0,0,0,1,1,1,0,1,0,0,0,1,0,1,0,1,0,0,1,70,51,58
0,0,0,0,1,0,0,0,1,0,0,0,0,1,0,0,1,0,0,0,1,1,1,1,1,0,0,70,90,82
1,0,0,1,0,0,0,0,0,0,1,0,1,1,0,0,1,0,0,1,0,1,3,1,1,0,0,52,38,37
0,0,1,0,0,0,1,0,0,0,0,0,0,1,1,0,0,0,0,0,1,1,5,1,1,0,0,65,75,78
1,0,0,0,0,0,0,0,0,0,0,1,0,1,1,0,0,0,0,0,1,0,0,0,1,0,0,53,45,42
0,0,0,1,0,0,0,0,0,0,1,0,1,1,0,1,0,0,1,0,0,1,2,1,0,1,0,86,88,93
0,0,0,0,0,1,0,0,0,0,1,0,0,1,0,1,0,0,1,0,0,1,1,1,0,1,0,52,57,56
1,0,0,1,0,0,0,0,0,1,0,0,1,0,0,1,0,0,0,0,1,1,5,1,1,0,0,64,56,57
1,0,0,1,0,0,1,0,0,0,0,0,1,1,0,1,0,0,0,1,0,1,0,0,0,0,1,94,80,86
0,0,0,0,0,0,0,0,0,0,1,0,0,1,0,1,0,0,0,0,1,1,6,1,0,0,1,53,66,73
1,0,0,0,1,0,1,0,0,0,0,0,1,1,0,1,0,0,0,0,0,1,2,1,0,0,1,81,71,73
1,0,0,1,0,0,0,0,1,0,0,0,0,1,0,1,0,0,0,1,0,1,0,1,0,0,1,62,60,56
1,0,0,0,1,0,0,1,0,0,0,0,1,1,0,1,0,0,1,0,0,1,2,0,0,1,0,79,72,71
0,0,0,0,0,0,1,0,0,0,0,0,0,1,0,1,0,0,0,0,1,1,1,1,0,0,1,37,57,56
0,0,0,1,0,0,0,0,1,0,0,0,1,1,0,1,0,0,0,0,1,1,4,1,0,0,1,81,84,82
0,0,0,1,0,0,1,0,0,0,0,0,1,1,0,1,0,0,0,0,1,1,4,1,0,0,1,59,73,72
1,0,1,0,0,0,0,0,0,0,1,0,0,1,0,1,0,0,0,1,0,1,2,1,0,0,1,56,55,48
1,0,0,0,0,0,1,0,0,0,0,0,1,1,0,0,0,0,0,1,0,1,4,1,1,0,0,71,78,74
1,0,0,0,1,0,0,0,1,0,0,0,1,1,0,1,0,0,0,1,0,1,1,0,0,0,1,71,76,72
1,0,0,1,0,0,0,0,0,0,1,0,1,1,0,1,0,0,0,0,1,1,1,1,0,0,1,69,64,68
0,0,0,0,0,0,0,1,0,0,0,0,0,1,0,1,0,0,0,0,1,1,4,1,0,0,1,50,60,59
1,0,1,0,0,0,0,0,0,0,1,0,1,1,0,1,0,0,0,0,1,1,4,1,0,0,1,87,84,86
1,0,0,0,1,0,0,0,0,0,0,1,1,1,0,1,0,0,0,0,1,1,2,1,0,0,0,71,69,68
1,0,0,0,0,1,0,0,0,0,1,0,1,1,0,0,0,0,1,0,0,1,1,1,0,1,0,67,71,64
1,0,0,1,0,0,0,0,0,1,0,0,0,1,0,0,1,0,1,0,0,1,1,1,0,0,0,77,77,75
0,0,0,1,0,0,0,0,0,0,0,1,1,1,0,1,0,0,0,0,1,1,1,1,0,0,1,77,90,85
1,0,0,1,0,0,1,0,0,0,0,0,0,1,0,0,1,0,0,1,0,1,4,1,0,0,1,59,55,54
0,0,0,0,0,1,1,0,0,0,0,0,1,1,0,1,0,0,0,0,1,1,4,1,0,1,0,86,96,93
1,0,0,0,1,0,0,0,0,0,1,0,1,1,0,1,0,0,0,0,1,1,2,1,0,1,0,56,58,53
0,0,0,0,1,0,0,0,0,0,1,0,0,1,0,1,0,0,0,1,0,1,5,1,0,0,1,53,59,66
1,0,1,0,0,0,0,0,0,0,1,0,1,1,0,0,0,0,0,0,1,1,1,1,0,0,1,69,77,77
0,0,0,1,0,0,0,0,1,0,0,0,0,1,0,1,0,0,0,0,1,1,1,1,0,0,1,53,72,64
0,0,0,0,1,0,0,0,0,0,0,1,1,1,0,0,0,0,0,0,1,1,1,1,0,0,1,48,58,54
1,0,0,0,1,0,0,0,0,0,0,1,1,1,0,0,1,0,1,0,0,1,4,1,0,0,1,75,79,83
0,0,1,0,0,0,0,0,1,0,0,0,1,1,1,0,0,0,1,0,0,1,2,1,0,0,1,60,61,61
1,0,0,0,1,0,0,0,0,0,1,0,1,1,0,1,0,0,0,0,1,1,0,1,0,0,1,60,63,59
0,0,1,0,0,0,0,0,1,0,0,0,1,1,0,1,0,0,0,0,1,1,0,1,0,0,1,74,72,72
0,0,0,0,0,0,0,0,1,0,0,0,1,1,0,0,0,1,0,1,0,1,1,0,1,0,0,57,74,77
1,0,1,0,0,0,0,0,1,0,0,0,1,1,0,0,1,0,0,0,1,1,0,1,0,0,1,76,62,60
0,0,0,0,1,0,0,0,0,0,0,1,1,1,0,1,0,0,1,0,0,1,1,1,0,1,0,67,70,74
1,1,0,0,0,0,0,0,0,0,1,0,0,1,0,0,0,0,1,0,0,1,1,1,0,0,1,56,59,55
1,0,1,0,0,0,0,0,1,0,0,0,1,1,0,0,0,0,0,0,1,1,0,1,1,0,0,50,47,48
1,0,0,0,1,0,0,1,0,0,0,0,1,1,0,1,0,0,0,1,0,1,3,1,0,1,0,79,75,77
0,0,1,0,0,0,0,0,0,0,0,1,0,1,0,1,0,0,1,0,0,1,0,1,1,0,0,48,65,68
0,0,0,1,0,0,0,1,0,0,0,0,0,1,0,1,0,0,0,0,1,1,3,1,0,0,1,62,78,79
1,0,1,0,0,0,0,0,0,0,0,0,1,1,0,0,1,0,1,0,0,1,3,1,0,0,1,64,64,58
0,0,1,0,0,0,0,0,0,0,0,1,0,1,0,1,0,0,0,1,0,1,4,1,1,0,0,48,57,55
0,0,1,0,0,0,0,0,1,0,0,0,1,0,0,0,1,0,0,1,0,1,1,1,1,0,0,65,71,70
0,0,0,1,0,0,0,0,0,0,1,0,0,1,0,0,1,0,0,1,0,1,4,1,0,0,1,36,44,44
1,0,0,0,0,1,1,0,0,0,0,0,1,1,0,0,0,1,0,1,0,1,1,1,0,0,1,96,86,84
0,0,0,0,1,0,1,0,0,0,0,0,0,1,0,0,0,0,0,1,0,1,2,1,0,0,1,47,56,58
0,0,1,0,0,0,0,0,0,1,0,0,1,1,0,1,0,0,0,0,1,1,1,1,1,0,0,75,90,84
0,0,1,0,0,0,0,0,0,0,0,0,0,1,0,1,0,0,0,0,1,1,4,1,0,0,1,76,85,82
0,0,0,1,0,0,1,0,0,0,0,0,1,1,0,1,0,0,0,0,1,1,4,1,0,0,1,52,59,62
1,0,0,1,0,0,0,1,0,0,0,0,1,1,0,1,0,0,0,0,1,1,3,1,1,0,0,88,79,77
0,0,1,0,0,0,0,0,0,0,0,1,1,1,0,1,0,0,0,0,1,1,2,1,0,0,1,32,51,44
0,0,0,0,0,1,0,0,0,0,0,1,0,1,0,1,0,0,0,1,0,1,1,1,0,0,1,74,80,78
0,0,1,0,0,0,0,0,0,0,1,0,1,1,0,0,1,0,0,1,0,1,4,1,1,0,0,18,37,32
1,0,0,1,0,0,1,0,0,0,0,0,0,0,0,0,1,0,0,1,0,1,1,1,0,0,1,70,65,62
0,0,0,1,0,0,0,0,0,1,0,0,0,1,0,1,0,0,0,0,1,1,3,1,0,0,1,52,65,61
0,0,0,0,0,0,0,0,0,0,1,0,0,1,1,0,0,0,0,1,0,1,2,1,0,1,0,63,67,73
1,0,0,0,1,0,0,0,1,0,0,0,0,1,0,1,0,0,0,1,0,1,0,1,1,0,0,65,73,69
1,0,0,0,0,1,0,0,0,0,0,1,1,1,0,1,0,0,1,0,0,1,1,1,1,0,0,83,81,73
0,0,1,0,0,0,0,0,1,0,0,0,1,1,0,0,0,1,0,1,0,1,1,1,0,0,1,43,52,52
0,0,0,0,0,1,1,0,0,0,0,0,0,1,1,0,0,0,0,1,0,1,3,1,0,0,1,58,69,74
1,0,0,0,1,0,0,0,1,0,0,0,1,1,1,0,0,0,0,0,1,1,0,1,0,0,1,70,70,70
0,0,0,0,0,1,1,0,0,0,0,0,0,1,0,1,0,0,0,0,1,1,0,1,0,0,1,70,84,81
1,0,0,0,0,1,0,0,0,0,0,0,1,1,0,1,0,0,0,0,1,1,4,1,0,0,1,69,60,54
1,0,0,1,0,0,0,0,0,0,0,1,1,1,0,0,0,0,0,0,0,1,2,0,0,0,1,67,73,68
0,0,1,0,0,0,0,0,0,0,1,0,1,1,0,1,0,0,0,1,0,1,1,1,0,0,1,84,86,89
0,0,0,1,0,0,0,0,0,0,1,0,1,1,0,0,0,0,1,0,0,1,3,1,0,0,1,70,74,76
1,1,0,0,0,0,0,0,0,0,1,0,0,1,1,0,0,0,0,0,1,1,3,0,1,0,0,72,79,72
0,0,0,0,1,0,0,0,0,0,1,0,0,1,0,0,1,0,0,0,1,1,2,1,1,0,0,62,72,73
0,0,0,0,0,1,0,0,1,0,0,0,0,1,1,0,0,0,0,0,1,1,4,0,0,1,0,42,45,40
1,0,0,1,0,0,0,0,1,0,0,0,1,1,0,1,0,0,0,0,1,1,5,1,0,0,1,90,75,69
1,0,1,0,0,0,0,1,0,0,0,0,1,1,0,1,0,0,0,0,1,1,3,1,0,0,1,59,54,51
1,1,0,0,0,0,0,0,0,0,0,1,1,1,0,1,0,0,0,0,1,1,1,1,0,0,1,51,31,36
1,1,0,0,0,0,0,0,1,0,0,0,0,1,0,0,1,0,0,0,1,1,1,1,0,1,0,46,47,49
0,0,0,1,0,0,0,0,0,1,0,0,1,1,0,1,0,0,0,1,0,1,3,1,1,0,0,53,63,67
1,0,0,0,0,1,0,0,0,0,0,1,1,1,0,1,0,0,0,0,1,1,2,1,0,1,0,89,85,77
1,0,1,0,0,0,0,0,0,0,0,1,1,1,0,1,0,0,0,1,0,1,2,0,0,0,1,96,87,89
1,0,0,0,1,0,0,1,0,0,0,0,0,1,0,1,0,0,0,1,0,1,0,1,0,0,1,62,71,77
0,0,1,0,0,0,0,0,1,0,0,0,0,1,0,0,0,0,0,0,1,1,1,1,0,0,1,60,72,68
0,0,0,1,0,0,0,0,0,0,0,1,1,1,0,1,0,0,0,0,1,1,3,1,1,0,0,74,89,86
0,1,0,0,0,0,0,0,0,0,0,1,1,1,1,0,0,0,0,0,0,1,3,1,0,0,1,85,90,92
1,0,0,0,0,1,0,0,0,0,1,0,0,1,0,1,0,0,0,1,0,1,1,1,0,0,1,50,52,52
0,0,0,1,0,0,0,0,0,0,0,1,0,1,0,0,0,1,0,0,1,1,3,1,0,1,0,49,58,53
1,0,0,1,0,0,0,0,1,0,0,0,1,1,0,0,1,0,0,1,0,0,0,1,1,0,0,61,66,58
0,0,0,1,0,0,1,0,0,0,0,0,0,1,0,0,0,0,0,0,1,1,3,1,0,0,1,56,68,70
0,0,0,0,0,0,0,0,0,0,0,1,1,1,0,1,0,0,0,1,0,1,2,1,1,0,0,64,68,76
1,0,1,0,0,0,0,0,0,0,0,1,1,1,0,1,0,0,0,1,0,1,0,1,1,0,0,67,53,53
0,1,0,0,0,0,0,0,0,0,1,0,0,1,0,0,1,0,0,1,0,1,3,1,0,1,0,64,61,59
1,1,0,0,0,0,0,1,0,0,0,0,1,1,1,0,0,0,1,0,0,1,1,1,0,1,0,63,59,57
1,0,1,0,0,0,0,0,0,0,1,0,1,1,0,0,1,0,0,1,0,1,2,1,0,0,1,59,50,46
0,0,0,1,0,0,0,0,1,0,0,0,1,1,0,0,1,0,0,1,0,1,2,1,0,0,1,61,64,75
1,0,0,0,0,1,0,0,1,0,0,0,1,1,0,0,1,0,0,1,0,1,3,1,0,1,0,77,65,59
0,1,0,0,0,0,0,0,1,0,0,0,1,1,0,1,0,0,0,1,0,1,6,1,0,1,0,79,84,82
1,0,1,0,0,0,1,0,0,0,0,0,0,1,1,0,0,0,0,1,0,1,1,1,1,0,0,57,56,53
0,0,0,0,1,0,0,0,1,0,0,0,0,1,1,0,0,0,0,0,1,1,4,1,0,0,1,39,52,46
1,0,0,1,0,0,0,0,0,0,0,1,1,1,0,1,0,0,0,1,0,1,0,1,0,0,1,65,58,52
0,0,1,0,0,0,0,0,1,0,0,0,0,1,0,1,0,0,0,0,1,1,2,1,0,1,0,23,44,36
1,0,1,0,0,0,0,0,0,0,1,0,0,1,0,0,1,0,0,0,1,1,2,1,0,1,0,76,78,77
0,0,0,0,1,0,0,0,0,0,0,1,0,1,0,0,1,0,0,1,0,1,0,1,1,0,0,39,64,64
1,0,0,0,0,1,0,0,0,1,0,0,1,1,1,0,0,0,0,0,1,1,1,1,1,0,0,88,85,84
1,0,0,1,0,0,0,0,0,1,0,0,1,1,0,1,0,0,0,0,1,1,7,1,0,0,1,91,85,85
0,0,0,1,0,0,0,0,1,0,0,0,1,1,0,1,0,0,0,1,0,1,4,1,0,0,1,60,73,69
1,0,0,0,1,0,1,0,0,0,0,0,1,1,0,0,1,0,0,1,0,1,0,1,0,0,1,82,76,70
1,0,0,1,0,0,0,0,0,1,0,0,1,1,0,1,0,0,1,0,0,1,2,0,0,0,1,69,67,67
0,1,0,0,0,0,0,0,1,0,0,0,1,1,0,1,0,0,0,0,1,1,3,1,1,0,0,59,66,61
0,0,0,0,0,1,0,0,0,0,1,0,1,1,0,1,0,0,0,1,0,1,1,0,1,0,0,86,84,93
1,0,0,0,0,1,0,0,0,0,0,1,1,1,0,1,0,0,1,0,0,1,2,1,1,0,0,77,65,58
1,0,0,1,0,0,0,0,0,0,0,1,1,1,0,0,0,0,0,0,1,1,2,1,0,0,1,62,64,55
0,0,1,0,0,0,0,1,0,0,0,0,1,1,0,1,0,0,0,1,0,1,0,1,1,0,0,96,96,96
1,0,1,0,0,0,0,0,0,0,1,0,0,1,0,1,0,0,0,1,0,1,1,1,0,0,1,77,69,66
0,0,0,1,0,0,0,1,0,0,0,0,1,1,0,1,0,0,0,1,0,1,2,1,0,0,1,66,80,83
1,0,1,0,0,0,0,0,1,0,0,0,1,1,1,0,0,0,0,1,0,0,3,1,0,0,1,53,49,47
1,0,0,1,0,0,1,0,0,0,0,0,0,1,0,1,0,0,0,0,1,1,3,1,0,0,1,87,73,72
0,0,0,0,0,1,0,0,0,1,0,0,0,1,0,1,0,0,0,0,1,1,4,1,0,1,0,83,87,88
1,0,0,0,1,0,0,1,0,0,0,0,0,1,0,0,1,0,0,0,1,1,2,1,1,0,0,37,41,37
0,0,0,1,0,0,0,0,0,0,1,0,1,1,0,0,1,0,0,1,0,1,1,1,1,0,0,70,70,80
1,0,0,1,0,0,1,0,0,0,0,0,1,1,0,1,0,0,0,1,0,1,3,1,0,0,1,99,94,93
1,0,0,0,1,0,0,0,0,0,0,0,1,1,0,1,0,0,1,0,0,1,3,1,0,0,1,79,80,85
1,0,1,0,0,0,1,0,0,0,0,0,1,1,1,0,0,0,0,1,0,1,1,0,1,0,0,60,41,41
1,0,0,0,0,1,1,0,0,0,0,0,0,1,0,1,0,0,0,0,1,1,3,1,0,1,0,80,75,73
1,0,0,1,0,0,1,0,0,0,0,0,0,1,0,1,0,0,0,1,0,0,2,1,0,1,0,51,52,53
1,0,1,0,0,0,0,0,1,0,0,0,1,1,0,1,0,0,0,0,1,1,1,1,0,0,1,59,58,47
1,0,1,0,0,0,1,0,0,0,0,0,1,1,0,1,0,0,0,0,1,1,1,1,0,0,1,82,84,78
1,0,0,0,0,1,1,0,0,0,0,0,0,1,0,1,0,0,1,0,0,1,1,1,1,0,0,84,87,78
0,0,0,1,0,0,0,1,0,0,0,0,0,1,0,1,0,0,0,0,1,1,3,1,1,0,0,41,61,59
1,0,0,1,0,0,0,0,0,0,0,0,0,1,0,1,0,0,0,0,1,1,7,1,0,0,1,80,64,66
1,0,0,0,1,0,0,0,0,0,1,0,1,1,0,1,0,0,0,0,1,1,3,1,0,0,1,81,82,84
1,0,0,1,0,0,0,0,0,0,0,1,1,1,0,1,0,0,0,0,1,1,2,1,0,0,1,57,61,54
0,0,0,0,1,0,0,0,0,0,0,1,1,1,0,0,1,0,0,1,0,1,3,1,0,0,0,60,73,82
0,0,0,0,0,0,1,0,0,0,0,0,1,1,0,1,0,0,0,0,1,1,3,1,0,0,1,64,76,74
1,0,0,1,0,0,0,1,0,0,0,0,1,1,0,1,0,0,0,0,1,1,3,1,1,0,0,61,63,64
0,0,0,0,0,1,0,1,0,0,0,0,1,1,0,0,1,0,0,1,0,1,3,1,1,0,0,70,69,70
0,0,1,0,0,0,0,0,1,0,0,0,0,1,0,1,0,0,0,1,0,1,5,1,0,1,0,67,75,74
1,0,0,0,1,0,0,1,0,0,0,0,0,1,0,1,0,0,0,0,1,1,1,1,0,1,0,56,46,44
0,0,0,0,0,1,1,0,0,0,0,0,1,1,0,0,1,0,1,0,0,1,0,0,1,0,0,47,49,51
0,0,0,0,1,0,0,0,0,0,1,0,0,1,0,1,0,0,0,0,1,1,3,1,0,0,1,69,65,74
1,0,0,0,1,0,0,0,1,0,0,0,0,1,1,0,0,0,0,0,1,1,3,1,1,0,0,42,50,47
0,0,0,0,0,1,0,0,0,0,1,0,1,1,0,1,0,0,0,1,0,1,1,1,0,0,1,88,86,93
0,0,0,0,0,1,1,0,0,0,0,0,1,1,0,1,0,0,0,1,0,1,1,1,0,0,1,87,93,87
0,1,0,0,0,0,0,0,0,1,0,0,0,1,0,1,0,0,0,0,1,1,2,1,0,0,0,50,68,75
1,0,0,0,1,0,0,0,0,0,0,1,1,1,1,0,0,0,0,0,1,1,0,1,0,1,0,90,75,76
0,0,0,0,0,1,1,0,0,0,0,0,1,1,1,0,0,0,1,0,0,1,3,1,1,0,0,55,60,65
0,0,0,0,0,1,0,0,0,0,0,0,0,1,1,0,0,0,0,1,0,1,5,1,0,0,1,32,34,38
1,0,1,0,0,0,0,0,1,0,0,0,0,1,0,0,0,0,0,1,0,1,3,1,0,0,1,37,29,27
0,0,1,0,0,0,0,0,0,0,0,1,0,1,0,0,1,0,0,1,0,1,3,1,1,0,0,62,77,79
1,0,0,0,1,0,0,0,0,0,0,0,1,1,0,1,0,0,0,0,1,1,3,1,1,0,0,64,53,61
0,0,0,0,1,0,0,0,0,0,0,1,1,1,0,0,1,0,0,0,1,1,1,1,0,0,1,65,78,82
1,0,0,0,1,0,0,0,0,1,0,0,1,1,0,1,0,0,0,0,1,1,3,1,0,0,1,85,84,89
0,0,0,1,0,0,0,0,0,1,0,0,1,1,0,1,0,0,0,0,1,1,2,1,0,0,1,73,79,76
0,1,0,0,0,0,0,0,1,0,0,0,0,1,0,1,0,0,0,0,1,1,0,0,1,0,0,32,47,40
0,0,0,0,1,0,0,1,0,0,0,0,0,1,1,0,0,0,0,0,1,1,0,1,0,0,1,93,100,100
0,0,0,0,1,0,0,0,0,0,0,1,0,1,1,0,0,0,0,1,0,1,4,1,0,0,1,69,85,86
1,0,0,0,1,0,0,0,0,0,0,0,1,1,0,0,1,0,1,0,0,1,2,1,1,0,0,82,74,73
1,0,1,0,0,0,0,0,0,0,0,0,1,1,0,1,0,0,0,1,0,1,0,1,1,0,0,56,47,51
0,0,0,0,1,0,0,0,0,0,1,0,1,1,0,0,1,0,0,1,0,0,5,1,0,1,0,83,86,95
0,0,0,1,0,0,0,1,0,0,0,0,0,1,1,0,0,0,0,0,1,1,1,1,0,0,1,67,75,72
1,0,0,0,0,0,0,1,0,0,0,0,1,1,0,1,0,0,0,0,1,1,1,1,1,0,0,67,63,68
1,0,0,0,1,0,0,1,0,0,0,0,0,0,1,0,0,0,0,0,1,1,3,1,0,0,1,50,42,48
0,1,0,0,0,0,0,0,0,0,1,0,1,1,0,1,0,0,0,1,0,1,1,1,0,0,1,71,85,84
0,0,0,1,0,0,0,1,0,0,0,0,1,1,0,1,0,0,0,0,1,1,3,1,0,0,1,52,61,66
0,0,0,1,0,0,0,1,0,0,0,0,0,1,0,0,1,0,0,1,0,1,2,1,1,0,0,46,61,66
0,0,1,0,0,0,1,0,0,0,0,0,0,1,0,1,0,0,0,0,1,1,2,1,0,1,0,47,61,56
0,0,0,0,0,1,0,0,0,0,1,0,1,1,0,1,0,0,0,1,0,1,2,1,0,0,1,70,71,67
1,0,0,0,0,1,0,1,0,0,0,0,1,1,0,0,1,0,0,1,0,1,7,1,0,0,1,100,100,100
0,0,0,1,0,0,0,0,1,0,0,0,1,1,0,1,0,0,0,1,0,1,1,1,1,0,0,43,60,52
0,0,0,1,0,0,1,0,0,0,0,0,1,1,0,1,0,0,0,1,0,1,0,1,0,0,1,58,78,82
1,0,1,0,0,0,0,0,0,0,1,0,1,1,0,1,0,0,0,0,0,1,1,1,0,0,1,91,96,91
1,0,0,0,1,0,0,0,1,0,0,0,0,1,0,1,0,0,0,1,0,0,1,1,0,0,1,71,71,68
1,0,0,0,1,0,0,0,1,0,0,0,1,1,0,1,0,0,0,1,0,1,1,1,1,0,0,71,65,66
0,0,1,0,0,0,1,0,0,0,0,0,0,1,0,0,1,0,0,0,1,1,1,1,0,0,1,54,65,65
1,0,0,0,1,0,0,0,1,0,0,0,0,1,0,1,0,0,0,0,1,1,0,1,0,0,1,74,70,69
1,0,0,0,0,1,0,0,0,0,0,1,1,1,1,0,0,0,0,1,0,1,2,1,0,0,1,76,64,61
1,0,0,0,0,1,0,0,0,0,0,0,0,1,0,1,0,0,0,0,1,1,0,0,0,0,0,64,56,52
0,0,0,0,1,0,0,0,1,0,0,0,0,1,0,1,0,0,0,0,1,1,1,1,0,1,0,66,61,72
1,0,0,0,0,1,1,0,0,0,0,0,0,1,0,1,0,0,0,0,1,1,0,1,0,0,1,46,43,44
0,0,0,1,0,0,0,0,0,0,0,1,0,1,0,0,0,0,1,0,0,1,2,1,1,0,0,45,54,48
1,0,0,0,1,0,0,0,0,0,1,0,0,1,0,1,0,0,0,1,0,1,2,0,1,0,0,61,56,62
1,0,0,0,1,0,1,0,0,0,0,0,0,1,1,0,0,0,0,1,0,1,2,1,0,0,1,62,72,74
1,0,0,1,0,0,0,0,0,0,0,0,0,1,1,0,0,0,0,0,1,1,5,1,1,0,0,67,73,72
1,0,0,1,0,0,1,0,0,0,0,0,1,1,0,1,0,0,0,0,1,1,2,1,0,1,0,100,88,91
1,0,0,0,1,0,0,0,0,0,1,0,0,1,1,0,0,0,0,1,0,1,0,1,0,0,1,72,63,59
1,1,0,0,0,0,1,0,0,0,0,0,1,1,1,0,0,0,1,0,0,1,1,1,0,0,1,64,56,51
0,0,0,0,0,1,0,0,1,0,0,0,0,1,0,1,0,0,0,1,0,1,1,1,1,0,0,56,57,57
1,0,0,0,1,0,0,0,0,0,1,0,1,1,0,1,0,0,0,0,1,1,1,1,0,0,1,85,81,85
1,0,0,0,1,0,0,0,0,0,0,1,1,1,1,0,0,0,0,1,0,1,4,1,0,0,0,79,69,70
1,0,0,1,0,0,0,0,0,1,0,0,0,1,0,1,0,0,1,0,0,1,0,1,0,0,1,70,66,72
0,0,0,0,1,0,0,0,0,1,0,0,1,1,0,1,0,0,0,1,0,1,1,1,0,0,1,81,94,100
1,0,0,1,0,0,0,0,1,0,0,0,1,1,0,1,0,0,0,1,0,1,0,1,1,0,0,80,65,64
1,1,0,0,0,0,0,0,0,0,0,1,0,1,0,0,1,0,0,0,1,1,3,1,0,0,1,61,62,61
0,0,1,0,0,0,0,0,1,0,0,0,1,1,0,1,0,0,0,0,1,1,3,1,1,0,0,56,66,59
0,0,0,1,0,0,1,0,0,0,0,0,1,1,1,0,0,0,0,1,0,1,1,1,0,0,1,55,61,59
1,0,1,0,0,0,0,0,1,0,0,0,1,1,0,1,0,0,0,0,1,1,3,1,1,0,0,79,80,78
0,0,0,0,1,0,0,0,0,0,1,0,0,1,0,1,0,0,0,0,1,1,1,1,1,0,0,47,57,58
1,0,1,0,0,0,0,0,0,0,0,1,0,1,0,0,1,0,0,1,0,1,1,1,1,0,0,48,49,52
0,0,0,0,0,1,0,0,1,0,0,0,0,1,0,0,0,0,0,0,1,1,3,1,0,1,0,58,76,74
1,0,0,0,0,1,0,0,1,0,0,0,1,1,0,1,0,0,1,0,0,1,0,1,0,0,1,91,71,69
0,0,0,0,1,0,0,0,0,0,1,0,1,1,0,0,1,0,0,1,0,1,3,0,0,0,0,77,78,85
0,0,0,0,0,1,0,0,0,0,0,1,0,1,0,1,0,0,0,0,1,1,1,1,0,0,1,74,74,72
1,0,0,0,0,0,0,0,1,0,0,0,1,1,0,0,1,0,0,0,1,1,3,1,0,0,1,58,52,54
0,0,0,1,0,0,0,0,0,0,1,0,1,0,0,1,0,0,0,0,1,1,2,1,1,0,0,60,67,67
1,0,0,0,0,1,1,0,0,0,0,0,1,1,0,1,0,0,0,1,0,1,5,1,0,1,0,76,58,64
1,0,0,1,0,0,0,0,0,0,1,0,1,1,0,1,0,0,0,1,0,1,0,1,0,0,1,86,88,83
0,0,0,0,1,0,0,0,0,1,0,0,1,1,1,0,0,0,0,0,1,1,4,1,0,0,0,92,100,100
0,0,0,0,1,0,0,0,1,0,0,0,1,1,1,0,0,0,0,1,0,1,1,1,1,0,0,44,62,59
1,0,0,1,0,0,0,0,1,0,0,0,1,0,0,0,1,0,0,0,1,0,3,1,0,0,1,75,81,71
0,1,0,0,0,0,0,0,0,0,1,0,1,1,0,0,1,0,0,1,0,1,2,1,0,0,1,57,58,65
0,0,0,0,1,0,0,0,0,0,0,1,0,0,0,0,1,0,0,1,0,1,4,1,0,0,1,49,54,54
0,0,0,0,0,1,1,0,0,0,0,0,1,1,0,0,1,0,0,1,0,1,3,1,0,0,1,100,100,100
0,0,0,0,0,0,0,0,0,0,0,1,0,1,0,1,0,0,1,0,0,1,1,1,0,0,1,63,74,73
1,0,0,0,1,0,0,0,0,0,0,0,1,1,0,1,0,0,0,0,1,1,4,1,0,0,1,72,57,58
1,1,0,0,0,0,0,0,0,0,0,1,1,1,1,0,0,0,0,1,0,1,1,1,0,0,1,67,69,65
1,0,0,1,0,0,0,0,0,0,1,0,1,1,0,1,0,0,1,0,0,1,4,1,1,0,0,59,61,57
0,0,0,0,0,1,1,0,0,0,0,0,1,1,0,0,1,0,0,1,0,1,1,1,0,0,0,70,77,68
0,0,1,0,0,0,0,1,0,0,0,0,1,1,1,0,0,0,1,0,0,1,1,1,0,0,1,72,82,78
0,0,0,0,1,0,0,1,0,0,0,0,1,1,0,0,0,1,0,1,0,1,0,1,0,0,1,91,100,100
1,0,0,1,0,0,0,0,0,0,0,1,1,1,0,0,1,0,0,1,0,1,2,1,0,1,0,82,74,72
0,1,0,0,0,0,0,0,1,0,0,0,0,1,0,1,0,0,0,1,0,0,3,1,0,0,1,54,50,61
0,0,0,0,1,0,0,0,0,0,1,0,0,1,1,0,0,0,0,1,0,1,3,0,1,0,0,48,64,61
0,1,0,0,0,0,0,0,0,0,0,0,1,1,0,1,0,0,0,0,1,1,2,1,1,0,0,52,62,65
1,0,0,1,0,0,1,0,0,0,0,0,1,1,0,1,0,0,0,0,1,1,1,1,1,0,0,60,64,56
1,0,0,0,1,0,0,0,1,0,0,0,1,1,0,1,0,0,0,1,0,1,5,1,1,0,0,54,40,48
0,0,0,1,0,0,1,0,0,0,0,0,1,1,0,1,0,0,0,0,1,1,3,1,0,0,1,91,95,94
0,0,1,0,0,0,0,0,1,0,0,0,0,1,0,1,0,0,0,0,1,1,1,1,0,0,1,8,24,23
1,0,0,0,1,0,0,0,0,0,0,1,1,1,0,1,0,0,0,1,0,1,2,1,0,0,1,83,79,79
1,0,1,0,0,0,0,0,0,0,0,1,1,1,0,1,0,0,0,0,1,1,4,0,1,0,0,76,83,84
0,1,0,0,0,0,0,0,0,0,1,0,1,1,0,1,0,0,0,1,0,1,1,0,0,1,0,82,89,95
0,0,0,1,0,0,0,0,0,0,0,1,1,1,0,1,0,0,0,1,0,1,6,1,0,0,1,72,74,81
1,1,0,0,0,0,0,0,1,0,0,0,1,1,0,1,0,0,0,1,0,1,1,1,1,0,0,56,50,54
1,0,0,0,0,1,0,0,0,0,0,1,1,1,0,1,0,0,0,1,0,1,0,1,0,0,1,83,76,77
0,1,0,0,0,0,0,0,0,0,0,1,0,0,0,0,1,0,0,0,1,1,5,1,0,0,1,41,44,43
0,0,0,0,1,0,0,0,0,0,1,0,0,1,0,1,0,0,0,1,0,1,3,1,0,0,1,69,87,85
1,0,0,0,0,1,0,0,1,0,0,0,0,1,0,1,0,0,0,1,0,1,1,1,0,0,1,88,82,76
0,0,1,0,0,0,0,0,0,0,0,1,1,1,0,1,0,0,0,1,0,1,1,1,0,0,1,66,83,79
0,0,0,0,1,0,1,0,0,0,0,0,0,1,0,1,0,0,0,0,1,1,1,1,0,0,1,55,76,76
0,0,0,0,1,0,0,1,0,0,0,0,0,1,0,0,1,0,0,0,1,1,3,1,0,0,1,62,72,74
1,1,0,0,0,0,0,0,1,0,0,0,1,1,0,1,0,0,0,1,0,1,7,1,0,1,0,66,64,64
0,0,0,0,0,1,0,0,0,1,0,0,1,0,0,1,0,0,1,0,0,1,2,1,0,0,1,86,99,95
1,0,0,1,0,0,0,0,1,0,0,0,0,1,0,0,1,0,0,1,0,1,2,1,1,0,0,61,54,55
0,0,0,1,0,0,0,0,1,0,0,0,0,1,0,1,0,0,0,0,1,1,2,1,0,0,1,59,71,65
0,0,0,0,1,0,0,0,0,0,0,0,1,1,1,0,0,0,0,0,1,1,3,1,0,0,1,68,78,77
0,0,0,0,1,0,0,0,0,0,1,0,0,1,0,1,0,0,0,1,0,1,1,1,0,1,0,81,88,89
